solid PARTassembly
   facet normal 0.0000 0.0000 -1.0000
      outer loop
         vertex -6.2000 6.7928 -7.0500
         vertex -5.8000 6.9000 -7.0500
         vertex -5.6000 0.0000 -7.0500
      endloop
   endfacet
   facet normal 0.0000 0.0000 -1.0000
      outer loop
         vertex -5.6000 0.0000 -7.0500
         vertex -5.8000 6.9000 -7.0500
         vertex 5.8000 6.9000 -7.0500
      endloop
   endfacet
   facet normal 0.0000 0.0000 -1.0000
      outer loop
         vertex -5.6000 0.0000 -7.0500
         vertex 5.8000 6.9000 -7.0500
         vertex -5.6000 -0.1800 -7.0500
      endloop
   endfacet
   facet normal 0.0000 0.0000 -1.0000
      outer loop
         vertex -5.6000 -0.1800 -7.0500
         vertex 5.8000 6.9000 -7.0500
         vertex -5.1000 0.0000 -7.0500
      endloop
   endfacet
   facet normal 0.0000 0.0000 -1.0000
      outer loop
         vertex -5.6000 -0.1800 -7.0500
         vertex -5.1000 0.0000 -7.0500
         vertex -5.1000 -0.1800 -7.0500
      endloop
   endfacet
   facet normal 0.0000 0.0000 -1.0000
      outer loop
         vertex -0.2500 -0.1800 -7.0500
         vertex -0.2500 0.0000 -7.0500
         vertex 5.8000 6.9000 -7.0500
      endloop
   endfacet
   facet normal 0.0000 0.0000 -1.0000
      outer loop
         vertex 5.8000 6.9000 -7.0500
         vertex -0.2500 0.0000 -7.0500
         vertex -1.7500 0.0000 -7.0500
      endloop
   endfacet
   facet normal 0.0000 0.0000 -1.0000
      outer loop
         vertex 5.8000 6.9000 -7.0500
         vertex -1.7500 0.0000 -7.0500
         vertex -2.2500 -0.1800 -7.0500
      endloop
   endfacet
   facet normal 0.0000 0.0000 -1.0000
      outer loop
         vertex -2.2500 -0.1800 -7.0500
         vertex -1.7500 0.0000 -7.0500
         vertex -1.7500 -0.1800 -7.0500
      endloop
   endfacet
   facet normal 0.0000 0.0000 -1.0000
      outer loop
         vertex 1.7500 -0.1800 -7.0500
         vertex 1.7500 0.0000 -7.0500
         vertex 5.8000 6.9000 -7.0500
      endloop
   endfacet
   facet normal 0.0000 0.0000 -1.0000
      outer loop
         vertex 5.8000 6.9000 -7.0500
         vertex 1.7500 0.0000 -7.0500
         vertex 0.2500 0.0000 -7.0500
      endloop
   endfacet
   facet normal 0.0000 0.0000 -1.0000
      outer loop
         vertex 5.8000 6.9000 -7.0500
         vertex 0.2500 0.0000 -7.0500
         vertex -0.2500 -0.1800 -7.0500
      endloop
   endfacet
   facet normal 0.0000 0.0000 -1.0000
      outer loop
         vertex -0.2500 -0.1800 -7.0500
         vertex 0.2500 0.0000 -7.0500
         vertex 0.2500 -0.1800 -7.0500
      endloop
   endfacet
   facet normal 0.0000 0.0000 -1.0000
      outer loop
         vertex 5.1000 -0.1800 -7.0500
         vertex 5.1000 -0.0000 -7.0500
         vertex 5.8000 6.9000 -7.0500
      endloop
   endfacet
   facet normal 0.0000 0.0000 -1.0000
      outer loop
         vertex 5.8000 6.9000 -7.0500
         vertex 5.1000 -0.0000 -7.0500
         vertex 2.2500 -0.0000 -7.0500
      endloop
   endfacet
   facet normal 0.0000 0.0000 -1.0000
      outer loop
         vertex 5.8000 6.9000 -7.0500
         vertex 2.2500 -0.0000 -7.0500
         vertex 1.7500 -0.1800 -7.0500
      endloop
   endfacet
   facet normal 0.0000 0.0000 -1.0000
      outer loop
         vertex 1.7500 -0.1800 -7.0500
         vertex 2.2500 -0.0000 -7.0500
         vertex 2.2500 -0.1800 -7.0500
      endloop
   endfacet
   facet normal 0.0000 0.0000 -1.0000
      outer loop
         vertex 5.6000 -0.1800 -7.0500
         vertex 5.1000 -0.1800 -7.0500
         vertex 5.6000 -0.0000 -7.0500
      endloop
   endfacet
   facet normal 0.0000 0.0000 -1.0000
      outer loop
         vertex 5.6000 -0.0000 -7.0500
         vertex 5.1000 -0.1800 -7.0500
         vertex 5.8000 6.9000 -7.0500
      endloop
   endfacet
   facet normal 0.0000 0.0000 -1.0000
      outer loop
         vertex 5.6000 -0.0000 -7.0500
         vertex 5.8000 6.9000 -7.0500
         vertex 6.2800 0.0000 -7.0500
      endloop
   endfacet
   facet normal 0.0000 0.0000 -1.0000
      outer loop
         vertex 6.2800 0.0000 -7.0500
         vertex 5.8000 6.9000 -7.0500
         vertex 6.2000 6.7928 -7.0500
      endloop
   endfacet
   facet normal 0.0000 0.0000 -1.0000
      outer loop
         vertex 6.2800 0.0000 -7.0500
         vertex 6.2000 6.7928 -7.0500
         vertex 6.4928 6.5000 -7.0500
      endloop
   endfacet
   facet normal 0.0000 0.0000 -1.0000
      outer loop
         vertex 6.4928 6.5000 -7.0500
         vertex 6.6000 6.1000 -7.0500
         vertex 6.6000 -0.1800 -7.0500
      endloop
   endfacet
   facet normal 0.0000 0.0000 -1.0000
      outer loop
         vertex 6.4928 6.5000 -7.0500
         vertex 6.6000 -0.1800 -7.0500
         vertex 6.2800 -0.1800 -7.0500
      endloop
   endfacet
   facet normal 0.0000 0.0000 -1.0000
      outer loop
         vertex 6.4928 6.5000 -7.0500
         vertex 6.2800 -0.1800 -7.0500
         vertex 6.2800 0.0000 -7.0500
      endloop
   endfacet
   facet normal 0.0000 0.0000 -1.0000
      outer loop
         vertex -2.2500 0.0000 -7.0500
         vertex -5.1000 0.0000 -7.0500
         vertex 5.8000 6.9000 -7.0500
      endloop
   endfacet
   facet normal 0.0000 0.0000 -1.0000
      outer loop
         vertex -2.2500 0.0000 -7.0500
         vertex 5.8000 6.9000 -7.0500
         vertex -2.2500 -0.1800 -7.0500
      endloop
   endfacet
   facet normal 0.0000 0.0000 -1.0000
      outer loop
         vertex -6.2800 0.0000 -7.0500
         vertex -6.2800 -0.1800 -7.0500
         vertex -6.4928 6.5000 -7.0500
      endloop
   endfacet
   facet normal 0.0000 0.0000 -1.0000
      outer loop
         vertex -6.2800 0.0000 -7.0500
         vertex -6.4928 6.5000 -7.0500
         vertex -6.2000 6.7928 -7.0500
      endloop
   endfacet
   facet normal 0.0000 0.0000 -1.0000
      outer loop
         vertex -6.2800 0.0000 -7.0500
         vertex -6.2000 6.7928 -7.0500
         vertex -5.6000 0.0000 -7.0500
      endloop
   endfacet
   facet normal 0.0000 0.0000 -1.0000
      outer loop
         vertex -6.6000 -0.1800 -7.0500
         vertex -6.6000 6.1000 -7.0500
         vertex -6.4928 6.5000 -7.0500
      endloop
   endfacet
   facet normal 0.0000 0.0000 -1.0000
      outer loop
         vertex -6.6000 -0.1800 -7.0500
         vertex -6.4928 6.5000 -7.0500
         vertex -6.2800 -0.1800 -7.0500
      endloop
   endfacet
   facet normal 0.0000 0.0000 1.0000
      outer loop
         vertex 6.4928 6.5000 7.0500
         vertex 6.2000 6.7928 7.0500
         vertex 6.2500 6.1000 7.0500
      endloop
   endfacet
   facet normal 0.0000 0.0000 1.0000
      outer loop
         vertex 6.4928 6.5000 7.0500
         vertex 6.2500 6.1000 7.0500
         vertex 6.4928 1.5000 7.0500
      endloop
   endfacet
   facet normal 0.0000 0.0000 1.0000
      outer loop
         vertex 6.4928 6.5000 7.0500
         vertex 6.4928 1.5000 7.0500
         vertex 6.6000 1.9000 7.0500
      endloop
   endfacet
   facet normal 0.0000 0.0000 1.0000
      outer loop
         vertex 6.4928 6.5000 7.0500
         vertex 6.6000 1.9000 7.0500
         vertex 6.6000 2.0000 7.0500
      endloop
   endfacet
   facet normal 0.0000 0.0000 1.0000
      outer loop
         vertex 6.4928 6.5000 7.0500
         vertex 6.6000 2.0000 7.0500
         vertex 6.6000 5.7400 7.0500
      endloop
   endfacet
   facet normal 0.0000 0.0000 1.0000
      outer loop
         vertex 6.4928 6.5000 7.0500
         vertex 6.6000 5.7400 7.0500
         vertex 6.6000 6.1000 7.0500
      endloop
   endfacet
   facet normal 0.0000 0.0000 1.0000
      outer loop
         vertex 5.6100 6.9000 7.0500
         vertex 5.7700 6.5800 7.0500
         vertex 5.8000 6.9000 7.0500
      endloop
   endfacet
   facet normal 0.0000 0.0000 1.0000
      outer loop
         vertex 5.8000 6.9000 7.0500
         vertex 5.7700 6.5800 7.0500
         vertex 6.0100 6.5157 7.0500
      endloop
   endfacet
   facet normal 0.0000 0.0000 1.0000
      outer loop
         vertex 5.8000 6.9000 7.0500
         vertex 6.0100 6.5157 7.0500
         vertex 6.2000 6.7928 7.0500
      endloop
   endfacet
   facet normal 0.0000 0.0000 1.0000
      outer loop
         vertex 6.2000 6.7928 7.0500
         vertex 6.0100 6.5157 7.0500
         vertex 6.1857 6.3400 7.0500
      endloop
   endfacet
   facet normal 0.0000 0.0000 1.0000
      outer loop
         vertex 6.2000 6.7928 7.0500
         vertex 6.1857 6.3400 7.0500
         vertex 6.2500 6.1000 7.0500
      endloop
   endfacet
   facet normal 0.0000 0.0000 1.0000
      outer loop
         vertex -6.1857 6.3400 7.0500
         vertex -6.0100 6.5157 7.0500
         vertex -5.8000 6.9000 7.0500
      endloop
   endfacet
   facet normal 0.0000 0.0000 1.0000
      outer loop
         vertex -5.8000 6.9000 7.0500
         vertex -6.0100 6.5157 7.0500
         vertex -5.7700 6.5800 7.0500
      endloop
   endfacet
   facet normal 0.0000 0.0000 1.0000
      outer loop
         vertex -5.8000 6.9000 7.0500
         vertex -5.7700 6.5800 7.0500
         vertex -5.6100 6.9000 7.0500
      endloop
   endfacet
   facet normal 0.0000 0.0000 1.0000
      outer loop
         vertex -5.6100 6.9000 7.0500
         vertex -5.7700 6.5800 7.0500
         vertex 5.7700 6.5800 7.0500
      endloop
   endfacet
   facet normal 0.0000 0.0000 1.0000
      outer loop
         vertex -5.6100 6.9000 7.0500
         vertex 5.7700 6.5800 7.0500
         vertex 5.6100 6.9000 7.0500
      endloop
   endfacet
   facet normal 0.0000 0.0000 1.0000
      outer loop
         vertex -6.4928 1.5000 7.0500
         vertex -6.2500 1.9400 7.0500
         vertex -6.4928 6.5000 7.0500
      endloop
   endfacet
   facet normal 0.0000 0.0000 1.0000
      outer loop
         vertex -6.4928 6.5000 7.0500
         vertex -6.2500 1.9400 7.0500
         vertex -6.2500 6.1000 7.0500
      endloop
   endfacet
   facet normal 0.0000 0.0000 1.0000
      outer loop
         vertex -6.4928 6.5000 7.0500
         vertex -6.2500 6.1000 7.0500
         vertex -6.2000 6.7928 7.0500
      endloop
   endfacet
   facet normal 0.0000 0.0000 1.0000
      outer loop
         vertex -6.2000 6.7928 7.0500
         vertex -6.2500 6.1000 7.0500
         vertex -6.1857 6.3400 7.0500
      endloop
   endfacet
   facet normal 0.0000 0.0000 1.0000
      outer loop
         vertex -6.2000 6.7928 7.0500
         vertex -6.1857 6.3400 7.0500
         vertex -5.8000 6.9000 7.0500
      endloop
   endfacet
   facet normal 0.0000 0.0000 1.0000
      outer loop
         vertex 6.2500 1.9400 7.0500
         vertex 6.1857 1.7000 7.0500
         vertex 6.2000 1.2072 7.0500
      endloop
   endfacet
   facet normal 0.0000 0.0000 1.0000
      outer loop
         vertex 6.2500 1.9400 7.0500
         vertex 6.2000 1.2072 7.0500
         vertex 6.4928 1.5000 7.0500
      endloop
   endfacet
   facet normal 0.0000 0.0000 1.0000
      outer loop
         vertex 6.2500 1.9400 7.0500
         vertex 6.4928 1.5000 7.0500
         vertex 6.2500 6.1000 7.0500
      endloop
   endfacet
   facet normal 0.0000 0.0000 1.0000
      outer loop
         vertex -5.6100 1.1000 7.0500
         vertex 5.6100 1.1000 7.0500
         vertex 5.7700 1.4600 7.0500
      endloop
   endfacet
   facet normal 0.0000 0.0000 1.0000
      outer loop
         vertex 5.7700 1.4600 7.0500
         vertex 5.6100 1.1000 7.0500
         vertex 5.8000 1.1000 7.0500
      endloop
   endfacet
   facet normal 0.0000 0.0000 1.0000
      outer loop
         vertex 5.7700 1.4600 7.0500
         vertex 5.8000 1.1000 7.0500
         vertex 6.0100 1.5243 7.0500
      endloop
   endfacet
   facet normal 0.0000 0.0000 1.0000
      outer loop
         vertex 6.0100 1.5243 7.0500
         vertex 5.8000 1.1000 7.0500
         vertex 6.2000 1.2072 7.0500
      endloop
   endfacet
   facet normal 0.0000 0.0000 1.0000
      outer loop
         vertex 6.0100 1.5243 7.0500
         vertex 6.2000 1.2072 7.0500
         vertex 6.1857 1.7000 7.0500
      endloop
   endfacet
   facet normal 0.0000 0.0000 1.0000
      outer loop
         vertex -5.7700 1.4600 7.0500
         vertex -6.0100 1.5243 7.0500
         vertex -5.8000 1.1000 7.0500
      endloop
   endfacet
   facet normal 0.0000 0.0000 1.0000
      outer loop
         vertex -5.7700 1.4600 7.0500
         vertex -5.8000 1.1000 7.0500
         vertex -5.6100 1.1000 7.0500
      endloop
   endfacet
   facet normal 0.0000 0.0000 1.0000
      outer loop
         vertex -5.7700 1.4600 7.0500
         vertex -5.6100 1.1000 7.0500
         vertex 5.7700 1.4600 7.0500
      endloop
   endfacet
   facet normal 0.0000 0.0000 1.0000
      outer loop
         vertex -6.1857 1.7000 7.0500
         vertex -6.2500 1.9400 7.0500
         vertex -6.2000 1.2072 7.0500
      endloop
   endfacet
   facet normal 0.0000 0.0000 1.0000
      outer loop
         vertex -6.1857 1.7000 7.0500
         vertex -6.2000 1.2072 7.0500
         vertex -5.8000 1.1000 7.0500
      endloop
   endfacet
   facet normal 0.0000 0.0000 1.0000
      outer loop
         vertex -6.1857 1.7000 7.0500
         vertex -5.8000 1.1000 7.0500
         vertex -6.0100 1.5243 7.0500
      endloop
   endfacet
   facet normal 0.0000 0.0000 1.0000
      outer loop
         vertex -6.4928 1.5000 7.0500
         vertex -6.4928 6.5000 7.0500
         vertex -6.6000 6.1000 7.0500
      endloop
   endfacet
   facet normal 0.0000 0.0000 1.0000
      outer loop
         vertex -6.4928 1.5000 7.0500
         vertex -6.6000 6.1000 7.0500
         vertex -6.6000 5.7400 7.0500
      endloop
   endfacet
   facet normal 0.0000 0.0000 1.0000
      outer loop
         vertex -6.4928 1.5000 7.0500
         vertex -6.6000 5.7400 7.0500
         vertex -6.6000 2.0000 7.0500
      endloop
   endfacet
   facet normal 0.0000 0.0000 1.0000
      outer loop
         vertex -6.4928 1.5000 7.0500
         vertex -6.6000 2.0000 7.0500
         vertex -6.6000 1.9000 7.0500
      endloop
   endfacet
   facet normal 0.0000 0.0000 1.0000
      outer loop
         vertex -6.2500 1.9400 7.0500
         vertex -6.4928 1.5000 7.0500
         vertex -6.2000 1.2072 7.0500
      endloop
   endfacet
   facet normal 0.0000 0.0000 1.0000
      outer loop
         vertex -7.3000 2.0000 7.0500
         vertex -6.6000 2.0000 7.0500
         vertex -6.6000 5.7400 7.0500
      endloop
   endfacet
   facet normal 0.0000 0.0000 1.0000
      outer loop
         vertex -7.3000 2.0000 7.0500
         vertex -6.6000 5.7400 7.0500
         vertex -7.3000 5.7400 7.0500
      endloop
   endfacet
   facet normal 0.0000 0.0000 1.0000
      outer loop
         vertex 7.3000 5.7400 7.0500
         vertex 6.6000 5.7400 7.0500
         vertex 6.6000 2.0000 7.0500
      endloop
   endfacet
   facet normal 0.0000 0.0000 1.0000
      outer loop
         vertex 7.3000 5.7400 7.0500
         vertex 6.6000 2.0000 7.0500
         vertex 7.3000 2.0000 7.0500
      endloop
   endfacet
   facet normal 0.0000 0.0000 1.0000
      outer loop
         vertex 5.6100 7.3450 7.0500
         vertex -5.6100 7.3450 7.0500
         vertex -5.6100 6.9000 7.0500
      endloop
   endfacet
   facet normal 0.0000 0.0000 1.0000
      outer loop
         vertex 5.6100 7.3450 7.0500
         vertex -5.6100 6.9000 7.0500
         vertex 5.6100 6.9000 7.0500
      endloop
   endfacet
   facet normal 0.0000 0.0000 1.0000
      outer loop
         vertex -5.6100 0.3950 7.0500
         vertex 5.6100 0.3950 7.0500
         vertex 5.6100 1.1000 7.0500
      endloop
   endfacet
   facet normal 0.0000 0.0000 1.0000
      outer loop
         vertex -5.6100 0.3950 7.0500
         vertex 5.6100 1.1000 7.0500
         vertex -5.6100 1.1000 7.0500
      endloop
   endfacet
   facet normal -1.0000 0.0000 0.0000
      outer loop
         vertex -0.2500 -0.1800 -7.0500
         vertex -0.2500 -0.1800 -1.8100
         vertex -0.2500 0.0000 -1.8100
      endloop
   endfacet
   facet normal -1.0000 0.0000 0.0000
      outer loop
         vertex -0.2500 -0.1800 -7.0500
         vertex -0.2500 0.0000 -1.8100
         vertex -0.2500 0.0000 -7.0500
      endloop
   endfacet
   facet normal 0.0000 -1.0000 0.0000
      outer loop
         vertex 6.6000 -0.1800 -4.1333
         vertex 6.2800 -0.1800 -4.1333
         vertex 6.2800 -0.1800 -7.0500
      endloop
   endfacet
   facet normal 0.0000 -1.0000 0.0000
      outer loop
         vertex 6.6000 -0.1800 -4.1333
         vertex 6.2800 -0.1800 -7.0500
         vertex 6.6000 -0.1800 -7.0500
      endloop
   endfacet
   facet normal 0.0000 -1.0000 0.0000
      outer loop
         vertex 6.2800 -0.1800 -2.5667
         vertex 6.6000 -0.1800 -2.5667
         vertex 6.6000 -0.1800 -1.8100
      endloop
   endfacet
   facet normal 0.0000 -1.0000 0.0000
      outer loop
         vertex 6.2800 -0.1800 -2.5667
         vertex 6.6000 -0.1800 -1.8100
         vertex 6.2800 -0.1800 -1.8100
      endloop
   endfacet
   facet normal 0.0000 -1.0000 0.0000
      outer loop
         vertex 5.6000 -0.1800 -1.8100
         vertex 5.1000 -0.1800 -1.8100
         vertex 5.1000 -0.1800 -7.0500
      endloop
   endfacet
   facet normal 0.0000 -1.0000 0.0000
      outer loop
         vertex 5.6000 -0.1800 -1.8100
         vertex 5.1000 -0.1800 -7.0500
         vertex 5.6000 -0.1800 -7.0500
      endloop
   endfacet
   facet normal 0.0000 -1.0000 0.0000
      outer loop
         vertex 2.2500 -0.1800 -1.8100
         vertex 1.7500 -0.1800 -1.8100
         vertex 1.7500 -0.1800 -7.0500
      endloop
   endfacet
   facet normal 0.0000 -1.0000 0.0000
      outer loop
         vertex 2.2500 -0.1800 -1.8100
         vertex 1.7500 -0.1800 -7.0500
         vertex 2.2500 -0.1800 -7.0500
      endloop
   endfacet
   facet normal 0.0000 -1.0000 0.0000
      outer loop
         vertex 0.2500 -0.1800 -1.8100
         vertex -0.2500 -0.1800 -1.8100
         vertex -0.2500 -0.1800 -7.0500
      endloop
   endfacet
   facet normal 0.0000 -1.0000 0.0000
      outer loop
         vertex 0.2500 -0.1800 -1.8100
         vertex -0.2500 -0.1800 -7.0500
         vertex 0.2500 -0.1800 -7.0500
      endloop
   endfacet
   facet normal 1.0000 0.0000 0.0000
      outer loop
         vertex 5.6000 -0.0000 -1.8100
         vertex 5.6000 -0.1800 -1.8100
         vertex 5.6000 -0.1800 -7.0500
      endloop
   endfacet
   facet normal 1.0000 0.0000 0.0000
      outer loop
         vertex 5.6000 -0.0000 -1.8100
         vertex 5.6000 -0.1800 -7.0500
         vertex 5.6000 -0.0000 -7.0500
      endloop
   endfacet
   facet normal 1.0000 0.0000 0.0000
      outer loop
         vertex 2.2500 -0.0000 -1.8100
         vertex 2.2500 -0.1800 -1.8100
         vertex 2.2500 -0.1800 -7.0500
      endloop
   endfacet
   facet normal 1.0000 0.0000 0.0000
      outer loop
         vertex 2.2500 -0.0000 -1.8100
         vertex 2.2500 -0.1800 -7.0500
         vertex 2.2500 -0.0000 -7.0500
      endloop
   endfacet
   facet normal 0.0000 -1.0000 0.0000
      outer loop
         vertex -0.2500 0.0000 1.2900
         vertex -0.2500 0.0000 -1.8100
         vertex 0.2500 0.0000 -1.8100
      endloop
   endfacet
   facet normal 0.0000 -1.0000 0.0000
      outer loop
         vertex -0.2500 0.0000 1.2900
         vertex 0.2500 0.0000 -1.8100
         vertex 0.2500 0.0000 1.2900
      endloop
   endfacet
   facet normal 0.0000 -1.0000 0.0000
      outer loop
         vertex 0.2500 0.0000 -1.8100
         vertex 0.2500 0.0000 -7.0500
         vertex 1.7500 0.0000 -7.0500
      endloop
   endfacet
   facet normal 0.0000 -1.0000 0.0000
      outer loop
         vertex 0.2500 0.0000 -1.8100
         vertex 1.7500 0.0000 -7.0500
         vertex 1.7500 0.0000 -1.8100
      endloop
   endfacet
   facet normal 0.0000 -1.0000 0.0000
      outer loop
         vertex 0.2500 0.0000 -1.8100
         vertex 1.2000 0.0000 -1.8100
         vertex 1.2000 0.0000 1.2900
      endloop
   endfacet
   facet normal 0.0000 -1.0000 0.0000
      outer loop
         vertex 0.2500 0.0000 -1.8100
         vertex 1.2000 0.0000 1.2900
         vertex 0.2500 0.0000 1.2900
      endloop
   endfacet
   facet normal 1.0000 0.0000 0.0000
      outer loop
         vertex 1.2000 1.1000 1.2900
         vertex 1.2000 0.0000 1.2900
         vertex 1.2000 0.0000 -1.8100
      endloop
   endfacet
   facet normal 1.0000 0.0000 0.0000
      outer loop
         vertex 1.2000 1.1000 1.2900
         vertex 1.2000 0.0000 -1.8100
         vertex 1.2000 1.1000 -1.8100
      endloop
   endfacet
   facet normal 0.0000 0.0000 1.0000
      outer loop
         vertex 1.2000 1.1000 1.2900
         vertex -1.2000 1.1000 1.2900
         vertex -0.2500 0.0000 1.2900
      endloop
   endfacet
   facet normal 0.0000 0.0000 1.0000
      outer loop
         vertex 1.2000 1.1000 1.2900
         vertex -0.2500 0.0000 1.2900
         vertex 0.2500 0.0000 1.2900
      endloop
   endfacet
   facet normal 0.0000 0.0000 1.0000
      outer loop
         vertex 1.2000 1.1000 1.2900
         vertex 0.2500 0.0000 1.2900
         vertex 1.2000 0.0000 1.2900
      endloop
   endfacet
   facet normal 0.0000 0.0000 1.0000
      outer loop
         vertex -0.2500 0.0000 1.2900
         vertex -1.2000 1.1000 1.2900
         vertex -1.2000 0.0000 1.2900
      endloop
   endfacet
   facet normal 0.0000 0.0000 1.0000
      outer loop
         vertex 5.7700 6.5800 -1.8000
         vertex -5.7700 6.5800 -1.8000
         vertex -6.0100 6.5157 -1.8000
      endloop
   endfacet
   facet normal 0.0000 0.0000 1.0000
      outer loop
         vertex 5.7700 6.5800 -1.8000
         vertex -6.0100 6.5157 -1.8000
         vertex -6.1857 6.3400 -1.8000
      endloop
   endfacet
   facet normal 0.0000 0.0000 1.0000
      outer loop
         vertex 5.7700 6.5800 -1.8000
         vertex -6.1857 6.3400 -1.8000
         vertex -6.2500 6.1000 -1.8000
      endloop
   endfacet
   facet normal 0.0000 0.0000 1.0000
      outer loop
         vertex 5.7700 6.5800 -1.8000
         vertex -6.2500 6.1000 -1.8000
         vertex -6.2500 1.9400 -1.8000
      endloop
   endfacet
   facet normal 0.0000 0.0000 1.0000
      outer loop
         vertex 5.7700 6.5800 -1.8000
         vertex -6.2500 1.9400 -1.8000
         vertex -6.1857 1.7000 -1.8000
      endloop
   endfacet
   facet normal 0.0000 0.0000 1.0000
      outer loop
         vertex 5.7700 6.5800 -1.8000
         vertex -6.1857 1.7000 -1.8000
         vertex -6.0100 1.5243 -1.8000
      endloop
   endfacet
   facet normal 0.0000 0.0000 1.0000
      outer loop
         vertex 5.7700 6.5800 -1.8000
         vertex -6.0100 1.5243 -1.8000
         vertex -5.7700 1.4600 -1.8000
      endloop
   endfacet
   facet normal 0.0000 0.0000 1.0000
      outer loop
         vertex 5.7700 6.5800 -1.8000
         vertex -5.7700 1.4600 -1.8000
         vertex 5.7700 1.4600 -1.8000
      endloop
   endfacet
   facet normal 0.0000 0.0000 1.0000
      outer loop
         vertex 5.7700 6.5800 -1.8000
         vertex 5.7700 1.4600 -1.8000
         vertex 6.0100 1.5243 -1.8000
      endloop
   endfacet
   facet normal 0.0000 0.0000 1.0000
      outer loop
         vertex 5.7700 6.5800 -1.8000
         vertex 6.0100 1.5243 -1.8000
         vertex 6.1857 1.7000 -1.8000
      endloop
   endfacet
   facet normal 0.0000 0.0000 1.0000
      outer loop
         vertex 5.7700 6.5800 -1.8000
         vertex 6.1857 1.7000 -1.8000
         vertex 6.2500 1.9400 -1.8000
      endloop
   endfacet
   facet normal 0.0000 0.0000 1.0000
      outer loop
         vertex 5.7700 6.5800 -1.8000
         vertex 6.2500 1.9400 -1.8000
         vertex 6.2500 6.1000 -1.8000
      endloop
   endfacet
   facet normal 0.0000 0.0000 1.0000
      outer loop
         vertex 5.7700 6.5800 -1.8000
         vertex 6.2500 6.1000 -1.8000
         vertex 6.1857 6.3400 -1.8000
      endloop
   endfacet
   facet normal 0.0000 0.0000 1.0000
      outer loop
         vertex 5.7700 6.5800 -1.8000
         vertex 6.1857 6.3400 -1.8000
         vertex 6.0100 6.5157 -1.8000
      endloop
   endfacet
   facet normal 0.0000 -1.0000 0.0000
      outer loop
         vertex 1.2000 1.1000 6.7300
         vertex -1.2000 1.1000 6.7300
         vertex -1.2000 1.1000 1.2900
      endloop
   endfacet
   facet normal 0.0000 -1.0000 0.0000
      outer loop
         vertex 1.2000 1.1000 6.7300
         vertex -1.2000 1.1000 1.2900
         vertex 1.2000 1.1000 1.2900
      endloop
   endfacet
   facet normal 0.0000 0.0000 -1.0000
      outer loop
         vertex 5.6100 0.3950 6.7300
         vertex -5.6100 0.3950 6.7300
         vertex -1.2000 1.1000 6.7300
      endloop
   endfacet
   facet normal 0.0000 0.0000 -1.0000
      outer loop
         vertex 5.6100 0.3950 6.7300
         vertex -1.2000 1.1000 6.7300
         vertex 1.2000 1.1000 6.7300
      endloop
   endfacet
   facet normal 0.0000 0.0000 -1.0000
      outer loop
         vertex 5.6100 0.3950 6.7300
         vertex 1.2000 1.1000 6.7300
         vertex 5.6100 1.1000 6.7300
      endloop
   endfacet
   facet normal 0.0000 0.0000 -1.0000
      outer loop
         vertex -1.2000 1.1000 6.7300
         vertex -5.6100 0.3950 6.7300
         vertex -5.6100 1.1000 6.7300
      endloop
   endfacet
   facet normal 0.0000 -1.0000 0.0000
      outer loop
         vertex -5.6100 0.3950 6.7300
         vertex 5.6100 0.3950 6.7300
         vertex 5.6100 0.3950 7.0500
      endloop
   endfacet
   facet normal 0.0000 -1.0000 0.0000
      outer loop
         vertex -5.6100 0.3950 6.7300
         vertex 5.6100 0.3950 7.0500
         vertex -5.6100 0.3950 7.0500
      endloop
   endfacet
   facet normal 1.0000 0.0000 0.0000
      outer loop
         vertex 1.5000 6.5800 5.9000
         vertex 1.5000 6.5800 -0.6000
         vertex 1.5000 6.9000 -0.6000
      endloop
   endfacet
   facet normal 1.0000 0.0000 0.0000
      outer loop
         vertex 1.5000 6.5800 5.9000
         vertex 1.5000 6.9000 -0.6000
         vertex 1.5000 6.9000 5.9000
      endloop
   endfacet
   facet normal 0.0000 0.0000 -1.0000
      outer loop
         vertex 1.5000 6.9000 5.9000
         vertex 4.5000 6.9000 5.9000
         vertex 4.5000 6.5800 5.9000
      endloop
   endfacet
   facet normal 0.0000 0.0000 -1.0000
      outer loop
         vertex 1.5000 6.9000 5.9000
         vertex 4.5000 6.5800 5.9000
         vertex 1.5000 6.5800 5.9000
      endloop
   endfacet
   facet normal 0.0000 0.0000 1.0000
      outer loop
         vertex 1.5000 6.9000 -0.6000
         vertex 1.5000 6.5800 -0.6000
         vertex 2.0000 6.5800 -0.6000
      endloop
   endfacet
   facet normal 0.0000 0.0000 1.0000
      outer loop
         vertex 1.5000 6.9000 -0.6000
         vertex 2.0000 6.5800 -0.6000
         vertex 2.0000 6.9000 -0.6000
      endloop
   endfacet
   facet normal -1.0000 0.0000 0.0000
      outer loop
         vertex 2.0000 6.3500 3.7750
         vertex 2.0000 6.4572 3.3750
         vertex 2.0000 6.5800 -0.6130
      endloop
   endfacet
   facet normal -1.0000 0.0000 0.0000
      outer loop
         vertex 2.0000 6.5800 -0.6130
         vertex 2.0000 6.4572 3.3750
         vertex 2.0000 6.5149 3.2885
      endloop
   endfacet
   facet normal -1.0000 0.0000 0.0000
      outer loop
         vertex 2.0000 6.5800 -0.6130
         vertex 2.0000 6.5149 3.2885
         vertex 2.0000 6.5800 -0.6000
      endloop
   endfacet
   facet normal -1.0000 0.0000 0.0000
      outer loop
         vertex 2.0000 6.5800 -0.6000
         vertex 2.0000 6.5149 3.2885
         vertex 2.0000 6.5912 3.1890
      endloop
   endfacet
   facet normal -1.0000 0.0000 0.0000
      outer loop
         vertex 2.0000 6.5800 -0.6000
         vertex 2.0000 6.5912 3.1890
         vertex 2.0000 6.9000 -0.6000
      endloop
   endfacet
   facet normal -1.0000 0.0000 0.0000
      outer loop
         vertex 2.0000 6.0300 3.7750
         vertex 2.0000 6.1801 4.3350
         vertex 2.0000 6.1801 3.2150
      endloop
   endfacet
   facet normal -1.0000 0.0000 0.0000
      outer loop
         vertex 2.0000 6.1801 3.2150
         vertex 2.0000 6.1801 4.3350
         vertex 2.0000 6.4493 4.6487
      endloop
   endfacet
   facet normal -1.0000 0.0000 0.0000
      outer loop
         vertex 2.0000 6.1801 3.2150
         vertex 2.0000 6.4493 4.6487
         vertex 2.0000 6.2609 3.0939
      endloop
   endfacet
   facet normal -1.0000 0.0000 0.0000
      outer loop
         vertex 2.0000 6.2609 3.0939
         vertex 2.0000 6.4493 4.6487
         vertex 2.0000 6.3500 3.7750
      endloop
   endfacet
   facet normal -1.0000 0.0000 0.0000
      outer loop
         vertex 2.0000 6.2609 3.0939
         vertex 2.0000 6.3500 3.7750
         vertex 2.0000 6.2799 3.0691
      endloop
   endfacet
   facet normal -1.0000 0.0000 0.0000
      outer loop
         vertex 2.0000 6.2799 3.0691
         vertex 2.0000 6.3500 3.7750
         vertex 2.0000 6.5800 -0.6130
      endloop
   endfacet
   facet normal -1.0000 0.0000 0.0000
      outer loop
         vertex 2.0000 6.3500 3.7750
         vertex 2.0000 6.4493 4.6487
         vertex 2.0000 6.4572 4.1750
      endloop
   endfacet
   facet normal -1.0000 0.0000 0.0000
      outer loop
         vertex 2.0000 6.4572 4.1750
         vertex 2.0000 6.4493 4.6487
         vertex 2.0000 6.6998 4.8496
      endloop
   endfacet
   facet normal -1.0000 0.0000 0.0000
      outer loop
         vertex 2.0000 6.4572 4.1750
         vertex 2.0000 6.6998 4.8496
         vertex 2.0000 6.6495 4.3991
      endloop
   endfacet
   facet normal -1.0000 0.0000 0.0000
      outer loop
         vertex 2.0000 6.6495 4.3991
         vertex 2.0000 6.6998 4.8496
         vertex 2.0000 6.9000 4.6000
      endloop
   endfacet
   facet normal 0.0000 0.9967 0.0812
      outer loop
         vertex 4.0000 6.9000 -0.6000
         vertex 2.0000 6.9000 -0.6000
         vertex 2.0000 6.5912 3.1890
      endloop
   endfacet
   facet normal 0.0000 0.9967 0.0812
      outer loop
         vertex 4.0000 6.9000 -0.6000
         vertex 2.0000 6.5912 3.1890
         vertex 4.0000 6.5912 3.1890
      endloop
   endfacet
   facet normal 0.0000 0.6256 -0.7801
      outer loop
         vertex 4.0000 6.6495 4.3991
         vertex 2.0000 6.6495 4.3991
         vertex 2.0000 6.9000 4.6000
      endloop
   endfacet
   facet normal 0.0000 0.6256 -0.7801
      outer loop
         vertex 4.0000 6.6495 4.3991
         vertex 2.0000 6.9000 4.6000
         vertex 4.0000 6.9000 4.6000
      endloop
   endfacet
   facet normal 0.0000 0.7801 0.6256
      outer loop
         vertex 2.0000 6.6998 4.8496
         vertex 4.0000 6.6998 4.8496
         vertex 4.0000 6.9000 4.6000
      endloop
   endfacet
   facet normal 0.0000 0.7801 0.6256
      outer loop
         vertex 2.0000 6.6998 4.8496
         vertex 4.0000 6.9000 4.6000
         vertex 2.0000 6.9000 4.6000
      endloop
   endfacet
   facet normal 0.0000 -0.6256 0.7801
      outer loop
         vertex 4.0000 6.6998 4.8496
         vertex 2.0000 6.6998 4.8496
         vertex 2.0000 6.4493 4.6487
      endloop
   endfacet
   facet normal 0.0000 -0.6256 0.7801
      outer loop
         vertex 4.0000 6.6998 4.8496
         vertex 2.0000 6.4493 4.6487
         vertex 4.0000 6.4493 4.6487
      endloop
   endfacet
   facet normal 0.0000 0.7938 0.6081
      outer loop
         vertex 2.0000 6.5149 3.2885
         vertex 4.0000 6.5149 3.2885
         vertex 4.0000 6.5912 3.1890
      endloop
   endfacet
   facet normal 0.0000 0.7938 0.6081
      outer loop
         vertex 2.0000 6.5149 3.2885
         vertex 4.0000 6.5912 3.1890
         vertex 2.0000 6.5912 3.1890
      endloop
   endfacet
   facet normal 0.0000 0.8045 -0.5940
      outer loop
         vertex 2.0000 6.6495 4.3991
         vertex 4.0000 6.6495 4.3991
         vertex 4.0000 6.4572 4.1750
      endloop
   endfacet
   facet normal 0.0000 0.8466 -0.5322
      outer loop
         vertex 2.0000 6.6495 4.3991
         vertex 4.0000 6.4572 4.1750
         vertex 2.0000 6.4572 4.1750
      endloop
   endfacet
   facet normal 0.0000 0.9898 0.1423
      outer loop
         vertex 2.0000 6.3500 3.7750
         vertex 4.0000 6.3500 3.7750
         vertex 4.0000 6.4572 3.3750
      endloop
   endfacet
   facet normal 0.0000 0.9592 0.2826
      outer loop
         vertex 2.0000 6.3500 3.7750
         vertex 4.0000 6.4572 3.3750
         vertex 2.0000 6.4572 3.3750
      endloop
   endfacet
   facet normal 0.0000 -0.9967 -0.0812
      outer loop
         vertex 4.0000 6.2799 3.0691
         vertex 2.0000 6.2799 3.0691
         vertex 2.0000 6.5800 -0.6130
      endloop
   endfacet
   facet normal 0.0000 -0.9967 -0.0812
      outer loop
         vertex 4.0000 6.2799 3.0691
         vertex 2.0000 6.5800 -0.6130
         vertex 4.0000 6.5800 -0.6130
      endloop
   endfacet
   facet normal 0.0000 -0.9870 0.1607
      outer loop
         vertex 2.0000 6.0300 3.7750
         vertex 4.0000 6.0300 3.7750
         vertex 4.0000 6.1801 4.3350
      endloop
   endfacet
   facet normal 0.0000 -0.9473 0.3204
      outer loop
         vertex 2.0000 6.0300 3.7750
         vertex 4.0000 6.1801 4.3350
         vertex 2.0000 6.1801 4.3350
      endloop
   endfacet
   facet normal 0.0000 -0.8466 0.5322
      outer loop
         vertex 2.0000 6.1801 4.3350
         vertex 4.0000 6.1801 4.3350
         vertex 4.0000 6.4493 4.6487
      endloop
   endfacet
   facet normal 0.0000 -0.8045 0.5940
      outer loop
         vertex 2.0000 6.1801 4.3350
         vertex 4.0000 6.4493 4.6487
         vertex 2.0000 6.4493 4.6487
      endloop
   endfacet
   facet normal 0.0000 -0.7938 -0.6081
      outer loop
         vertex 4.0000 6.2609 3.0939
         vertex 2.0000 6.2609 3.0939
         vertex 2.0000 6.2799 3.0691
      endloop
   endfacet
   facet normal 0.0000 -0.7938 -0.6081
      outer loop
         vertex 4.0000 6.2609 3.0939
         vertex 2.0000 6.2799 3.0691
         vertex 4.0000 6.2799 3.0691
      endloop
   endfacet
   facet normal 0.0000 -0.8604 -0.5096
      outer loop
         vertex 2.0000 6.2609 3.0939
         vertex 4.0000 6.2609 3.0939
         vertex 4.0000 6.1801 3.2150
      endloop
   endfacet
   facet normal 0.0000 -0.8869 -0.4619
      outer loop
         vertex 2.0000 6.2609 3.0939
         vertex 4.0000 6.1801 3.2150
         vertex 2.0000 6.1801 3.2150
      endloop
   endfacet
   facet normal 0.0000 -0.9898 -0.1423
      outer loop
         vertex 4.0000 6.0300 3.7750
         vertex 2.0000 6.0300 3.7750
         vertex 2.0000 6.1801 3.2150
      endloop
   endfacet
   facet normal 0.0000 -0.9592 -0.2826
      outer loop
         vertex 4.0000 6.0300 3.7750
         vertex 2.0000 6.1801 3.2150
         vertex 4.0000 6.1801 3.2150
      endloop
   endfacet
   facet normal 0.0000 0.9870 -0.1607
      outer loop
         vertex 4.0000 6.3500 3.7750
         vertex 2.0000 6.3500 3.7750
         vertex 2.0000 6.4572 4.1750
      endloop
   endfacet
   facet normal 0.0000 0.9473 -0.3204
      outer loop
         vertex 4.0000 6.3500 3.7750
         vertex 2.0000 6.4572 4.1750
         vertex 4.0000 6.4572 4.1750
      endloop
   endfacet
   facet normal 0.0000 0.8604 0.5096
      outer loop
         vertex 4.0000 6.5149 3.2885
         vertex 2.0000 6.5149 3.2885
         vertex 2.0000 6.4572 3.3750
      endloop
   endfacet
   facet normal 0.0000 0.8869 0.4619
      outer loop
         vertex 4.0000 6.5149 3.2885
         vertex 2.0000 6.4572 3.3750
         vertex 4.0000 6.4572 3.3750
      endloop
   endfacet
   facet normal 1.0000 0.0000 0.0000
      outer loop
         vertex 1.5000 1.1000 5.9000
         vertex 1.5000 1.1000 -0.6000
         vertex 1.5000 1.4600 -0.6000
      endloop
   endfacet
   facet normal 1.0000 0.0000 0.0000
      outer loop
         vertex 1.5000 1.1000 5.9000
         vertex 1.5000 1.4600 -0.6000
         vertex 1.5000 1.4600 5.9000
      endloop
   endfacet
   facet normal 0.0000 0.0000 -1.0000
      outer loop
         vertex 4.5000 1.1000 5.9000
         vertex 1.5000 1.1000 5.9000
         vertex 1.5000 1.4600 5.9000
      endloop
   endfacet
   facet normal 0.0000 0.0000 -1.0000
      outer loop
         vertex 4.5000 1.1000 5.9000
         vertex 1.5000 1.4600 5.9000
         vertex 4.5000 1.4600 5.9000
      endloop
   endfacet
   facet normal 0.0000 0.0000 1.0000
      outer loop
         vertex 2.0000 1.1400 -0.6000
         vertex 2.0000 1.4600 -0.6000
         vertex 1.5000 1.4600 -0.6000
      endloop
   endfacet
   facet normal 0.0000 0.0000 1.0000
      outer loop
         vertex 2.0000 1.1400 -0.6000
         vertex 1.5000 1.4600 -0.6000
         vertex 1.5000 1.1000 -0.6000
      endloop
   endfacet
   facet normal 0.0000 0.0000 1.0000
      outer loop
         vertex 2.0000 1.1400 -0.6000
         vertex 1.5000 1.1000 -0.6000
         vertex 4.5000 1.1000 -0.6000
      endloop
   endfacet
   facet normal 0.0000 0.0000 1.0000
      outer loop
         vertex 2.0000 1.1400 -0.6000
         vertex 4.5000 1.1000 -0.6000
         vertex 4.0000 1.1400 -0.6000
      endloop
   endfacet
   facet normal 0.0000 0.0000 1.0000
      outer loop
         vertex 4.0000 1.4600 -0.6000
         vertex 4.0000 1.1400 -0.6000
         vertex 4.5000 1.1000 -0.6000
      endloop
   endfacet
   facet normal 0.0000 0.0000 1.0000
      outer loop
         vertex 4.0000 1.4600 -0.6000
         vertex 4.5000 1.1000 -0.6000
         vertex 4.5000 1.4600 -0.6000
      endloop
   endfacet
   facet normal -1.0000 0.0000 0.0000
      outer loop
         vertex 2.0000 1.7601 3.0691
         vertex 2.0000 1.4600 -0.6130
         vertex 2.0000 1.5251 3.2885
      endloop
   endfacet
   facet normal -1.0000 0.0000 0.0000
      outer loop
         vertex 2.0000 1.7601 3.0691
         vertex 2.0000 1.5251 3.2885
         vertex 2.0000 1.5828 3.3750
      endloop
   endfacet
   facet normal -1.0000 0.0000 0.0000
      outer loop
         vertex 2.0000 1.7601 3.0691
         vertex 2.0000 1.5828 3.3750
         vertex 2.0000 1.6900 3.7750
      endloop
   endfacet
   facet normal -1.0000 0.0000 0.0000
      outer loop
         vertex 2.0000 1.7601 3.0691
         vertex 2.0000 1.6900 3.7750
         vertex 2.0000 1.8599 4.3350
      endloop
   endfacet
   facet normal -1.0000 0.0000 0.0000
      outer loop
         vertex 2.0000 1.7601 3.0691
         vertex 2.0000 1.8599 4.3350
         vertex 2.0000 1.7791 3.0939
      endloop
   endfacet
   facet normal -1.0000 0.0000 0.0000
      outer loop
         vertex 2.0000 1.4600 -0.6000
         vertex 2.0000 1.1400 -0.6000
         vertex 2.0000 1.4488 3.1890
      endloop
   endfacet
   facet normal -1.0000 0.0000 0.0000
      outer loop
         vertex 2.0000 1.4600 -0.6000
         vertex 2.0000 1.4488 3.1890
         vertex 2.0000 1.5251 3.2885
      endloop
   endfacet
   facet normal -1.0000 0.0000 0.0000
      outer loop
         vertex 2.0000 1.4600 -0.6000
         vertex 2.0000 1.5251 3.2885
         vertex 2.0000 1.4600 -0.6130
      endloop
   endfacet
   facet normal -1.0000 0.0000 0.0000
      outer loop
         vertex 2.0000 1.8599 3.2150
         vertex 2.0000 1.7791 3.0939
         vertex 2.0000 1.8599 4.3350
      endloop
   endfacet
   facet normal -1.0000 0.0000 0.0000
      outer loop
         vertex 2.0000 1.8599 3.2150
         vertex 2.0000 1.8599 4.3350
         vertex 2.0000 2.0100 3.7750
      endloop
   endfacet
   facet normal -1.0000 0.0000 0.0000
      outer loop
         vertex 2.0000 1.5907 4.6487
         vertex 2.0000 1.8599 4.3350
         vertex 2.0000 1.6900 3.7750
      endloop
   endfacet
   facet normal -1.0000 0.0000 0.0000
      outer loop
         vertex 2.0000 1.5907 4.6487
         vertex 2.0000 1.6900 3.7750
         vertex 2.0000 1.5828 4.1750
      endloop
   endfacet
   facet normal -1.0000 0.0000 0.0000
      outer loop
         vertex 2.0000 1.5907 4.6487
         vertex 2.0000 1.5828 4.1750
         vertex 2.0000 1.3905 4.3991
      endloop
   endfacet
   facet normal -1.0000 0.0000 0.0000
      outer loop
         vertex 2.0000 1.5907 4.6487
         vertex 2.0000 1.3905 4.3991
         vertex 2.0000 1.3402 4.8496
      endloop
   endfacet
   facet normal -1.0000 0.0000 0.0000
      outer loop
         vertex 2.0000 1.3402 4.8496
         vertex 2.0000 1.3905 4.3991
         vertex 2.0000 1.1400 4.6000
      endloop
   endfacet
   facet normal 0.0000 -0.9967 0.0812
      outer loop
         vertex 4.0000 1.4488 3.1890
         vertex 2.0000 1.4488 3.1890
         vertex 2.0000 1.1400 -0.6000
      endloop
   endfacet
   facet normal 0.0000 -0.9967 0.0812
      outer loop
         vertex 4.0000 1.4488 3.1890
         vertex 2.0000 1.1400 -0.6000
         vertex 4.0000 1.1400 -0.6000
      endloop
   endfacet
   facet normal 0.0000 -0.6256 -0.7801
      outer loop
         vertex 4.0000 1.1400 4.6000
         vertex 2.0000 1.1400 4.6000
         vertex 2.0000 1.3905 4.3991
      endloop
   endfacet
   facet normal 0.0000 -0.6256 -0.7801
      outer loop
         vertex 4.0000 1.1400 4.6000
         vertex 2.0000 1.3905 4.3991
         vertex 4.0000 1.3905 4.3991
      endloop
   endfacet
   facet normal 0.0000 0.6256 0.7801
      outer loop
         vertex 4.0000 1.5907 4.6487
         vertex 2.0000 1.5907 4.6487
         vertex 2.0000 1.3402 4.8496
      endloop
   endfacet
   facet normal 0.0000 0.6256 0.7801
      outer loop
         vertex 4.0000 1.5907 4.6487
         vertex 2.0000 1.3402 4.8496
         vertex 4.0000 1.3402 4.8496
      endloop
   endfacet
   facet normal 0.0000 -0.7801 0.6256
      outer loop
         vertex 2.0000 1.1400 4.6000
         vertex 4.0000 1.1400 4.6000
         vertex 4.0000 1.3402 4.8496
      endloop
   endfacet
   facet normal 0.0000 -0.7801 0.6256
      outer loop
         vertex 2.0000 1.1400 4.6000
         vertex 4.0000 1.3402 4.8496
         vertex 2.0000 1.3402 4.8496
      endloop
   endfacet
   facet normal 0.0000 -0.7938 0.6081
      outer loop
         vertex 2.0000 1.4488 3.1890
         vertex 4.0000 1.4488 3.1890
         vertex 4.0000 1.5251 3.2885
      endloop
   endfacet
   facet normal 0.0000 -0.7938 0.6081
      outer loop
         vertex 2.0000 1.4488 3.1890
         vertex 4.0000 1.5251 3.2885
         vertex 2.0000 1.5251 3.2885
      endloop
   endfacet
   facet normal 0.0000 -0.8045 -0.5940
      outer loop
         vertex 4.0000 1.5828 4.1750
         vertex 4.0000 1.3905 4.3991
         vertex 2.0000 1.3905 4.3991
      endloop
   endfacet
   facet normal 0.0000 -0.8466 -0.5322
      outer loop
         vertex 4.0000 1.5828 4.1750
         vertex 2.0000 1.3905 4.3991
         vertex 2.0000 1.5828 4.1750
      endloop
   endfacet
   facet normal 0.0000 -0.9592 0.2826
      outer loop
         vertex 2.0000 1.5828 3.3750
         vertex 4.0000 1.5828 3.3750
         vertex 4.0000 1.6900 3.7750
      endloop
   endfacet
   facet normal 0.0000 -0.9898 0.1423
      outer loop
         vertex 2.0000 1.5828 3.3750
         vertex 4.0000 1.6900 3.7750
         vertex 2.0000 1.6900 3.7750
      endloop
   endfacet
   facet normal 0.0000 0.9967 -0.0812
      outer loop
         vertex 4.0000 1.4600 -0.6130
         vertex 2.0000 1.4600 -0.6130
         vertex 2.0000 1.7601 3.0691
      endloop
   endfacet
   facet normal 0.0000 0.9967 -0.0812
      outer loop
         vertex 4.0000 1.4600 -0.6130
         vertex 2.0000 1.7601 3.0691
         vertex 4.0000 1.7601 3.0691
      endloop
   endfacet
   facet normal 0.0000 0.8045 0.5940
      outer loop
         vertex 2.0000 1.5907 4.6487
         vertex 4.0000 1.5907 4.6487
         vertex 4.0000 1.8599 4.3350
      endloop
   endfacet
   facet normal 0.0000 0.8466 0.5322
      outer loop
         vertex 2.0000 1.5907 4.6487
         vertex 4.0000 1.8599 4.3350
         vertex 2.0000 1.8599 4.3350
      endloop
   endfacet
   facet normal 0.0000 0.9473 0.3204
      outer loop
         vertex 2.0000 2.0100 3.7750
         vertex 2.0000 1.8599 4.3350
         vertex 4.0000 1.8599 4.3350
      endloop
   endfacet
   facet normal 0.0000 0.9870 0.1607
      outer loop
         vertex 2.0000 2.0100 3.7750
         vertex 4.0000 1.8599 4.3350
         vertex 4.0000 2.0100 3.7750
      endloop
   endfacet
   facet normal 0.0000 0.9592 -0.2826
      outer loop
         vertex 4.0000 1.8599 3.2150
         vertex 2.0000 1.8599 3.2150
         vertex 2.0000 2.0100 3.7750
      endloop
   endfacet
   facet normal 0.0000 0.9898 -0.1423
      outer loop
         vertex 4.0000 1.8599 3.2150
         vertex 2.0000 2.0100 3.7750
         vertex 4.0000 2.0100 3.7750
      endloop
   endfacet
   facet normal 0.0000 0.8604 -0.5096
      outer loop
         vertex 4.0000 1.7791 3.0939
         vertex 2.0000 1.7791 3.0939
         vertex 2.0000 1.8599 3.2150
      endloop
   endfacet
   facet normal 0.0000 0.8869 -0.4619
      outer loop
         vertex 4.0000 1.7791 3.0939
         vertex 2.0000 1.8599 3.2150
         vertex 4.0000 1.8599 3.2150
      endloop
   endfacet
   facet normal 0.0000 0.7938 -0.6081
      outer loop
         vertex 2.0000 1.7791 3.0939
         vertex 4.0000 1.7791 3.0939
         vertex 4.0000 1.7601 3.0691
      endloop
   endfacet
   facet normal 0.0000 0.7938 -0.6081
      outer loop
         vertex 2.0000 1.7791 3.0939
         vertex 4.0000 1.7601 3.0691
         vertex 2.0000 1.7601 3.0691
      endloop
   endfacet
   facet normal 0.0000 -0.8869 0.4619
      outer loop
         vertex 4.0000 1.5828 3.3750
         vertex 2.0000 1.5828 3.3750
         vertex 2.0000 1.5251 3.2885
      endloop
   endfacet
   facet normal 0.0000 -0.8604 0.5096
      outer loop
         vertex 4.0000 1.5828 3.3750
         vertex 2.0000 1.5251 3.2885
         vertex 4.0000 1.5251 3.2885
      endloop
   endfacet
   facet normal 0.0000 -0.9473 -0.3204
      outer loop
         vertex 4.0000 1.5828 4.1750
         vertex 2.0000 1.5828 4.1750
         vertex 2.0000 1.6900 3.7750
      endloop
   endfacet
   facet normal 0.0000 -0.9870 -0.1607
      outer loop
         vertex 4.0000 1.5828 4.1750
         vertex 2.0000 1.6900 3.7750
         vertex 4.0000 1.6900 3.7750
      endloop
   endfacet
   facet normal 0.0000 0.0000 -1.0000
      outer loop
         vertex -5.6100 7.3450 6.7300
         vertex 5.6100 7.3450 6.7300
         vertex 5.6100 6.9000 6.7300
      endloop
   endfacet
   facet normal 0.0000 0.0000 -1.0000
      outer loop
         vertex -5.6100 7.3450 6.7300
         vertex 5.6100 6.9000 6.7300
         vertex -5.6100 6.9000 6.7300
      endloop
   endfacet
   facet normal 0.0000 1.0000 0.0000
      outer loop
         vertex 5.6100 7.3450 6.7300
         vertex -5.6100 7.3450 6.7300
         vertex -5.6100 7.3450 7.0500
      endloop
   endfacet
   facet normal 0.0000 1.0000 0.0000
      outer loop
         vertex 5.6100 7.3450 6.7300
         vertex -5.6100 7.3450 7.0500
         vertex 5.6100 7.3450 7.0500
      endloop
   endfacet
   facet normal -1.0000 0.0000 0.0000
      outer loop
         vertex 1.7500 -0.1800 -7.0500
         vertex 1.7500 -0.1800 -1.8100
         vertex 1.7500 0.0000 -1.8100
      endloop
   endfacet
   facet normal -1.0000 0.0000 0.0000
      outer loop
         vertex 1.7500 -0.1800 -7.0500
         vertex 1.7500 0.0000 -1.8100
         vertex 1.7500 0.0000 -7.0500
      endloop
   endfacet
   facet normal 1.0000 0.0000 0.0000
      outer loop
         vertex 0.2500 0.0000 -1.8100
         vertex 0.2500 -0.1800 -1.8100
         vertex 0.2500 -0.1800 -7.0500
      endloop
   endfacet
   facet normal 1.0000 0.0000 0.0000
      outer loop
         vertex 0.2500 0.0000 -1.8100
         vertex 0.2500 -0.1800 -7.0500
         vertex 0.2500 0.0000 -7.0500
      endloop
   endfacet
   facet normal 0.0000 0.0000 1.0000
      outer loop
         vertex -0.2500 0.0000 -1.8100
         vertex -0.2500 -0.1800 -1.8100
         vertex 0.2500 -0.1800 -1.8100
      endloop
   endfacet
   facet normal 0.0000 0.0000 1.0000
      outer loop
         vertex -0.2500 0.0000 -1.8100
         vertex 0.2500 -0.1800 -1.8100
         vertex 0.2500 0.0000 -1.8100
      endloop
   endfacet
   facet normal 0.0000 -1.0000 0.0000
      outer loop
         vertex 5.1000 -0.0000 -1.8100
         vertex 2.2500 -0.0000 -1.8100
         vertex 2.2500 -0.0000 -7.0500
      endloop
   endfacet
   facet normal 0.0000 -1.0000 0.0000
      outer loop
         vertex 5.1000 -0.0000 -1.8100
         vertex 2.2500 -0.0000 -7.0500
         vertex 5.1000 -0.0000 -7.0500
      endloop
   endfacet
   facet normal -1.0000 0.0000 0.0000
      outer loop
         vertex 4.5000 6.5800 -0.6000
         vertex 4.5000 6.5800 5.9000
         vertex 4.5000 6.9000 5.9000
      endloop
   endfacet
   facet normal -1.0000 0.0000 0.0000
      outer loop
         vertex 4.5000 6.5800 -0.6000
         vertex 4.5000 6.9000 5.9000
         vertex 4.5000 6.9000 -0.6000
      endloop
   endfacet
   facet normal 0.0000 0.0000 1.0000
      outer loop
         vertex 4.5000 6.9000 -0.6000
         vertex 4.0000 6.9000 -0.6000
         vertex 4.0000 6.5800 -0.6000
      endloop
   endfacet
   facet normal 0.0000 0.0000 1.0000
      outer loop
         vertex 4.5000 6.9000 -0.6000
         vertex 4.0000 6.5800 -0.6000
         vertex 4.5000 6.5800 -0.6000
      endloop
   endfacet
   facet normal 1.0000 0.0000 0.0000
      outer loop
         vertex 4.0000 6.2609 3.0939
         vertex 4.0000 6.3500 3.7750
         vertex 4.0000 6.4493 4.6487
      endloop
   endfacet
   facet normal 1.0000 0.0000 0.0000
      outer loop
         vertex 4.0000 6.4493 4.6487
         vertex 4.0000 6.3500 3.7750
         vertex 4.0000 6.4572 4.1750
      endloop
   endfacet
   facet normal 1.0000 0.0000 0.0000
      outer loop
         vertex 4.0000 6.4493 4.6487
         vertex 4.0000 6.4572 4.1750
         vertex 4.0000 6.6998 4.8496
      endloop
   endfacet
   facet normal 1.0000 0.0000 0.0000
      outer loop
         vertex 4.0000 6.6998 4.8496
         vertex 4.0000 6.4572 4.1750
         vertex 4.0000 6.6495 4.3991
      endloop
   endfacet
   facet normal 1.0000 0.0000 0.0000
      outer loop
         vertex 4.0000 6.6998 4.8496
         vertex 4.0000 6.6495 4.3991
         vertex 4.0000 6.9000 4.6000
      endloop
   endfacet
   facet normal 1.0000 0.0000 0.0000
      outer loop
         vertex 4.0000 6.5149 3.2885
         vertex 4.0000 6.4572 3.3750
         vertex 4.0000 6.5800 -0.6130
      endloop
   endfacet
   facet normal 1.0000 0.0000 0.0000
      outer loop
         vertex 4.0000 6.5800 -0.6130
         vertex 4.0000 6.4572 3.3750
         vertex 4.0000 6.3500 3.7750
      endloop
   endfacet
   facet normal 1.0000 0.0000 0.0000
      outer loop
         vertex 4.0000 6.5800 -0.6130
         vertex 4.0000 6.3500 3.7750
         vertex 4.0000 6.2799 3.0691
      endloop
   endfacet
   facet normal 1.0000 0.0000 0.0000
      outer loop
         vertex 4.0000 6.2799 3.0691
         vertex 4.0000 6.3500 3.7750
         vertex 4.0000 6.2609 3.0939
      endloop
   endfacet
   facet normal 1.0000 0.0000 0.0000
      outer loop
         vertex 4.0000 6.1801 4.3350
         vertex 4.0000 6.0300 3.7750
         vertex 4.0000 6.1801 3.2150
      endloop
   endfacet
   facet normal 1.0000 0.0000 0.0000
      outer loop
         vertex 4.0000 6.1801 4.3350
         vertex 4.0000 6.1801 3.2150
         vertex 4.0000 6.2609 3.0939
      endloop
   endfacet
   facet normal 1.0000 0.0000 0.0000
      outer loop
         vertex 4.0000 6.1801 4.3350
         vertex 4.0000 6.2609 3.0939
         vertex 4.0000 6.4493 4.6487
      endloop
   endfacet
   facet normal 1.0000 0.0000 0.0000
      outer loop
         vertex 4.0000 6.5800 -0.6000
         vertex 4.0000 6.9000 -0.6000
         vertex 4.0000 6.5912 3.1890
      endloop
   endfacet
   facet normal 1.0000 0.0000 0.0000
      outer loop
         vertex 4.0000 6.5800 -0.6000
         vertex 4.0000 6.5912 3.1890
         vertex 4.0000 6.5149 3.2885
      endloop
   endfacet
   facet normal 1.0000 0.0000 0.0000
      outer loop
         vertex 4.0000 6.5800 -0.6000
         vertex 4.0000 6.5149 3.2885
         vertex 4.0000 6.5800 -0.6130
      endloop
   endfacet
   facet normal -1.0000 0.0000 0.0000
      outer loop
         vertex 4.5000 1.1000 -0.6000
         vertex 4.5000 1.1000 5.9000
         vertex 4.5000 1.4600 5.9000
      endloop
   endfacet
   facet normal -1.0000 0.0000 0.0000
      outer loop
         vertex 4.5000 1.1000 -0.6000
         vertex 4.5000 1.4600 5.9000
         vertex 4.5000 1.4600 -0.6000
      endloop
   endfacet
   facet normal 1.0000 0.0000 0.0000
      outer loop
         vertex 4.0000 1.6900 3.7750
         vertex 4.0000 1.5828 3.3750
         vertex 4.0000 1.7601 3.0691
      endloop
   endfacet
   facet normal 1.0000 0.0000 0.0000
      outer loop
         vertex 4.0000 1.7601 3.0691
         vertex 4.0000 1.5828 3.3750
         vertex 4.0000 1.5251 3.2885
      endloop
   endfacet
   facet normal 1.0000 0.0000 0.0000
      outer loop
         vertex 4.0000 1.7601 3.0691
         vertex 4.0000 1.5251 3.2885
         vertex 4.0000 1.4600 -0.6000
      endloop
   endfacet
   facet normal 1.0000 0.0000 0.0000
      outer loop
         vertex 4.0000 1.4600 -0.6000
         vertex 4.0000 1.5251 3.2885
         vertex 4.0000 1.4488 3.1890
      endloop
   endfacet
   facet normal 1.0000 0.0000 0.0000
      outer loop
         vertex 4.0000 1.4600 -0.6000
         vertex 4.0000 1.4488 3.1890
         vertex 4.0000 1.1400 -0.6000
      endloop
   endfacet
   facet normal 1.0000 0.0000 0.0000
      outer loop
         vertex 4.0000 1.8599 4.3350
         vertex 4.0000 1.5907 4.6487
         vertex 4.0000 1.6900 3.7750
      endloop
   endfacet
   facet normal 1.0000 0.0000 0.0000
      outer loop
         vertex 4.0000 1.8599 4.3350
         vertex 4.0000 1.6900 3.7750
         vertex 4.0000 1.7601 3.0691
      endloop
   endfacet
   facet normal 1.0000 0.0000 0.0000
      outer loop
         vertex 4.0000 1.8599 4.3350
         vertex 4.0000 1.7601 3.0691
         vertex 4.0000 1.7791 3.0939
      endloop
   endfacet
   facet normal 1.0000 0.0000 0.0000
      outer loop
         vertex 4.0000 1.8599 4.3350
         vertex 4.0000 1.7791 3.0939
         vertex 4.0000 1.8599 3.2150
      endloop
   endfacet
   facet normal 1.0000 0.0000 0.0000
      outer loop
         vertex 4.0000 1.8599 4.3350
         vertex 4.0000 1.8599 3.2150
         vertex 4.0000 2.0100 3.7750
      endloop
   endfacet
   facet normal 1.0000 0.0000 0.0000
      outer loop
         vertex 4.0000 1.5907 4.6487
         vertex 4.0000 1.3402 4.8496
         vertex 4.0000 1.3905 4.3991
      endloop
   endfacet
   facet normal 1.0000 0.0000 0.0000
      outer loop
         vertex 4.0000 1.5907 4.6487
         vertex 4.0000 1.3905 4.3991
         vertex 4.0000 1.5828 4.1750
      endloop
   endfacet
   facet normal 1.0000 0.0000 0.0000
      outer loop
         vertex 4.0000 1.5907 4.6487
         vertex 4.0000 1.5828 4.1750
         vertex 4.0000 1.6900 3.7750
      endloop
   endfacet
   facet normal 1.0000 0.0000 0.0000
      outer loop
         vertex 4.0000 1.7601 3.0691
         vertex 4.0000 1.4600 -0.6000
         vertex 4.0000 1.4600 -0.6130
      endloop
   endfacet
   facet normal 1.0000 0.0000 0.0000
      outer loop
         vertex 4.0000 1.3905 4.3991
         vertex 4.0000 1.3402 4.8496
         vertex 4.0000 1.1400 4.6000
      endloop
   endfacet
   facet normal -1.0000 0.0000 0.0000
      outer loop
         vertex 5.1000 -0.1800 -7.0500
         vertex 5.1000 -0.1800 -1.8100
         vertex 5.1000 -0.0000 -1.8100
      endloop
   endfacet
   facet normal -1.0000 0.0000 0.0000
      outer loop
         vertex 5.1000 -0.1800 -7.0500
         vertex 5.1000 -0.0000 -1.8100
         vertex 5.1000 -0.0000 -7.0500
      endloop
   endfacet
   facet normal -1.0000 0.0000 0.0000
      outer loop
         vertex 6.2800 -0.1800 -2.5667
         vertex 6.2800 -0.1800 -1.8100
         vertex 6.2800 0.0000 -1.8100
      endloop
   endfacet
   facet normal -1.0000 0.0000 0.0000
      outer loop
         vertex 6.2800 -0.1800 -2.5667
         vertex 6.2800 0.0000 -1.8100
         vertex 6.2800 0.0000 -7.0500
      endloop
   endfacet
   facet normal -1.0000 0.0000 0.0000
      outer loop
         vertex 6.2800 -0.1800 -2.5667
         vertex 6.2800 0.0000 -7.0500
         vertex 6.2800 -0.1800 -7.0500
      endloop
   endfacet
   facet normal -1.0000 0.0000 0.0000
      outer loop
         vertex 6.2800 -0.1800 -2.5667
         vertex 6.2800 -0.1800 -4.1333
         vertex 6.2800 -0.3224 -4.1281
      endloop
   endfacet
   facet normal -1.0000 0.0000 0.0000
      outer loop
         vertex 6.2800 -0.1800 -2.5667
         vertex 6.2800 -0.3224 -4.1281
         vertex 6.2800 -0.3224 -2.5719
      endloop
   endfacet
   facet normal 0.6414 0.7672 0.0000
      outer loop
         vertex 6.4928 6.5000 -7.0500
         vertex 6.2000 6.7928 -7.0500
         vertex 6.2000 6.7928 7.0500
      endloop
   endfacet
   facet normal 0.7672 0.6414 0.0000
      outer loop
         vertex 6.4928 6.5000 -7.0500
         vertex 6.2000 6.7928 7.0500
         vertex 6.4928 6.5000 7.0500
      endloop
   endfacet
   facet normal 0.9405 0.3399 0.0000
      outer loop
         vertex 6.6000 6.1000 7.0500
         vertex 6.6000 6.1000 -7.0500
         vertex 6.4928 6.5000 -7.0500
      endloop
   endfacet
   facet normal 0.9071 0.4210 0.0000
      outer loop
         vertex 6.6000 6.1000 7.0500
         vertex 6.4928 6.5000 -7.0500
         vertex 6.4928 6.5000 7.0500
      endloop
   endfacet
   facet normal 1.0000 0.0000 0.0000
      outer loop
         vertex 6.6000 -0.1800 -1.8100
         vertex 6.6000 6.1000 -7.0500
         vertex 6.6000 1.9000 -1.8100
      endloop
   endfacet
   facet normal 1.0000 0.0000 0.0000
      outer loop
         vertex 6.6000 1.9000 -1.8100
         vertex 6.6000 6.1000 -7.0500
         vertex 6.6000 2.8100 -0.4000
      endloop
   endfacet
   facet normal 1.0000 0.0000 0.0000
      outer loop
         vertex 6.6000 1.9000 -1.8100
         vertex 6.6000 2.8100 -0.4000
         vertex 6.6000 1.9000 7.0500
      endloop
   endfacet
   facet normal 1.0000 0.0000 0.0000
      outer loop
         vertex 6.6000 1.9000 7.0500
         vertex 6.6000 2.8100 -0.4000
         vertex 6.6000 2.0000 6.7300
      endloop
   endfacet
   facet normal 1.0000 0.0000 0.0000
      outer loop
         vertex 6.6000 1.9000 7.0500
         vertex 6.6000 2.0000 6.7300
         vertex 6.6000 2.0000 7.0500
      endloop
   endfacet
   facet normal 1.0000 0.0000 0.0000
      outer loop
         vertex 6.6000 -0.1800 -4.1333
         vertex 6.6000 -0.1800 -7.0500
         vertex 6.6000 6.1000 -7.0500
      endloop
   endfacet
   facet normal 1.0000 0.0000 0.0000
      outer loop
         vertex 6.6000 -0.1800 -4.1333
         vertex 6.6000 6.1000 -7.0500
         vertex 6.6000 -0.1800 -2.5667
      endloop
   endfacet
   facet normal 1.0000 0.0000 0.0000
      outer loop
         vertex 6.6000 -0.1800 -4.1333
         vertex 6.6000 -0.1800 -2.5667
         vertex 6.6000 -0.2300 -2.5685
      endloop
   endfacet
   facet normal 1.0000 0.0000 0.0000
      outer loop
         vertex 6.6000 -0.1800 -4.1333
         vertex 6.6000 -0.2300 -2.5685
         vertex 6.6000 -0.2300 -4.1315
      endloop
   endfacet
   facet normal 1.0000 0.0000 0.0000
      outer loop
         vertex 6.6000 5.7400 6.7300
         vertex 6.6000 2.0000 6.7300
         vertex 6.6000 2.8100 5.2500
      endloop
   endfacet
   facet normal 1.0000 0.0000 0.0000
      outer loop
         vertex 6.6000 5.7400 6.7300
         vertex 6.6000 2.8100 5.2500
         vertex 6.6000 3.1250 5.2500
      endloop
   endfacet
   facet normal 1.0000 0.0000 0.0000
      outer loop
         vertex 6.6000 5.7400 6.7300
         vertex 6.6000 3.1250 5.2500
         vertex 6.6000 4.8750 5.2500
      endloop
   endfacet
   facet normal 1.0000 0.0000 0.0000
      outer loop
         vertex 6.6000 5.7400 6.7300
         vertex 6.6000 4.8750 5.2500
         vertex 6.6000 5.1900 5.2500
      endloop
   endfacet
   facet normal 1.0000 0.0000 0.0000
      outer loop
         vertex 6.6000 5.7400 6.7300
         vertex 6.6000 5.1900 5.2500
         vertex 6.6000 6.1000 -7.0500
      endloop
   endfacet
   facet normal 1.0000 0.0000 0.0000
      outer loop
         vertex 6.6000 5.7400 6.7300
         vertex 6.6000 6.1000 -7.0500
         vertex 6.6000 5.7400 7.0500
      endloop
   endfacet
   facet normal 1.0000 0.0000 0.0000
      outer loop
         vertex 6.6000 5.1900 -0.4000
         vertex 6.6000 2.8100 -0.4000
         vertex 6.6000 6.1000 -7.0500
      endloop
   endfacet
   facet normal 1.0000 0.0000 0.0000
      outer loop
         vertex 6.6000 5.1900 -0.4000
         vertex 6.6000 6.1000 -7.0500
         vertex 6.6000 5.1900 5.2500
      endloop
   endfacet
   facet normal 1.0000 0.0000 0.0000
      outer loop
         vertex 6.6000 -0.1800 -2.5667
         vertex 6.6000 6.1000 -7.0500
         vertex 6.6000 -0.1800 -1.8100
      endloop
   endfacet
   facet normal 1.0000 0.0000 0.0000
      outer loop
         vertex 6.6000 5.7400 7.0500
         vertex 6.6000 6.1000 -7.0500
         vertex 6.6000 6.1000 7.0500
      endloop
   endfacet
   facet normal 1.0000 0.0000 0.0000
      outer loop
         vertex 6.6000 2.8100 5.2500
         vertex 6.6000 2.0000 6.7300
         vertex 6.6000 2.8100 -0.4000
      endloop
   endfacet
   facet normal 0.0000 0.0000 1.0000
      outer loop
         vertex 5.1000 -0.1800 -1.8100
         vertex 5.6000 -0.1800 -1.8100
         vertex 5.1000 -0.0000 -1.8100
      endloop
   endfacet
   facet normal 0.0000 0.0000 1.0000
      outer loop
         vertex 5.1000 -0.0000 -1.8100
         vertex 5.6000 -0.1800 -1.8100
         vertex 5.6000 -0.0000 -1.8100
      endloop
   endfacet
   facet normal 0.0000 0.0000 1.0000
      outer loop
         vertex 5.1000 -0.0000 -1.8100
         vertex 5.6000 -0.0000 -1.8100
         vertex 5.8000 1.1000 -1.8100
      endloop
   endfacet
   facet normal 0.0000 0.0000 1.0000
      outer loop
         vertex 5.8000 1.1000 -1.8100
         vertex 5.6000 -0.0000 -1.8100
         vertex 6.2800 0.0000 -1.8100
      endloop
   endfacet
   facet normal 0.0000 0.0000 1.0000
      outer loop
         vertex 5.8000 1.1000 -1.8100
         vertex 6.2800 0.0000 -1.8100
         vertex 6.2000 1.2072 -1.8100
      endloop
   endfacet
   facet normal 0.0000 0.0000 1.0000
      outer loop
         vertex 6.2000 1.2072 -1.8100
         vertex 6.2800 0.0000 -1.8100
         vertex 6.4928 1.5000 -1.8100
      endloop
   endfacet
   facet normal 0.0000 0.0000 1.0000
      outer loop
         vertex 1.7500 -0.1800 -1.8100
         vertex 2.2500 -0.1800 -1.8100
         vertex 1.7500 0.0000 -1.8100
      endloop
   endfacet
   facet normal 0.0000 0.0000 1.0000
      outer loop
         vertex 1.7500 0.0000 -1.8100
         vertex 2.2500 -0.1800 -1.8100
         vertex 2.2500 -0.0000 -1.8100
      endloop
   endfacet
   facet normal 0.0000 0.0000 1.0000
      outer loop
         vertex 1.7500 0.0000 -1.8100
         vertex 2.2500 -0.0000 -1.8100
         vertex 5.8000 1.1000 -1.8100
      endloop
   endfacet
   facet normal 0.0000 0.0000 1.0000
      outer loop
         vertex 5.8000 1.1000 -1.8100
         vertex 2.2500 -0.0000 -1.8100
         vertex 5.1000 -0.0000 -1.8100
      endloop
   endfacet
   facet normal 0.0000 0.0000 1.0000
      outer loop
         vertex 1.2000 1.1000 -1.8100
         vertex 1.2000 0.0000 -1.8100
         vertex 1.7500 0.0000 -1.8100
      endloop
   endfacet
   facet normal 0.0000 0.0000 1.0000
      outer loop
         vertex 1.2000 1.1000 -1.8100
         vertex 1.7500 0.0000 -1.8100
         vertex 5.8000 1.1000 -1.8100
      endloop
   endfacet
   facet normal 0.0000 0.0000 1.0000
      outer loop
         vertex 6.6000 -0.1800 -1.8100
         vertex 6.6000 1.9000 -1.8100
         vertex 6.4928 1.5000 -1.8100
      endloop
   endfacet
   facet normal 0.0000 0.0000 1.0000
      outer loop
         vertex 6.6000 -0.1800 -1.8100
         vertex 6.4928 1.5000 -1.8100
         vertex 6.2800 0.0000 -1.8100
      endloop
   endfacet
   facet normal 0.0000 0.0000 1.0000
      outer loop
         vertex 6.6000 -0.1800 -1.8100
         vertex 6.2800 0.0000 -1.8100
         vertex 6.2800 -0.1800 -1.8100
      endloop
   endfacet
   facet normal 0.9405 -0.3399 0.0000
      outer loop
         vertex 6.6000 1.9000 -1.8100
         vertex 6.6000 1.9000 7.0500
         vertex 6.4928 1.5000 7.0500
      endloop
   endfacet
   facet normal 0.9071 -0.4210 0.0000
      outer loop
         vertex 6.6000 1.9000 -1.8100
         vertex 6.4928 1.5000 7.0500
         vertex 6.4928 1.5000 -1.8100
      endloop
   endfacet
   facet normal 0.7672 -0.6414 0.0000
      outer loop
         vertex 6.2000 1.2072 -1.8100
         vertex 6.4928 1.5000 -1.8100
         vertex 6.4928 1.5000 7.0500
      endloop
   endfacet
   facet normal 0.6414 -0.7672 0.0000
      outer loop
         vertex 6.2000 1.2072 -1.8100
         vertex 6.4928 1.5000 7.0500
         vertex 6.2000 1.2072 7.0500
      endloop
   endfacet
   facet normal 0.0000 1.0000 0.0000
      outer loop
         vertex 6.6000 2.8100 -0.4000
         vertex 6.2500 2.8100 -0.4000
         vertex 6.2500 2.8100 5.2500
      endloop
   endfacet
   facet normal 0.0000 1.0000 0.0000
      outer loop
         vertex 6.6000 2.8100 -0.4000
         vertex 6.2500 2.8100 5.2500
         vertex 6.6000 2.8100 5.2500
      endloop
   endfacet
   facet normal 0.0000 -1.0000 0.0000
      outer loop
         vertex 6.6000 5.1900 5.2500
         vertex 6.2500 5.1900 5.2500
         vertex 6.2500 5.1900 -0.4000
      endloop
   endfacet
   facet normal 0.0000 -1.0000 0.0000
      outer loop
         vertex 6.6000 5.1900 5.2500
         vertex 6.2500 5.1900 -0.4000
         vertex 6.6000 5.1900 -0.4000
      endloop
   endfacet
   facet normal 0.0000 0.0000 1.0000
      outer loop
         vertex 6.2500 2.8100 -0.4000
         vertex 6.6000 2.8100 -0.4000
         vertex 6.6000 5.1900 -0.4000
      endloop
   endfacet
   facet normal 0.0000 0.0000 1.0000
      outer loop
         vertex 6.2500 2.8100 -0.4000
         vertex 6.6000 5.1900 -0.4000
         vertex 6.2500 5.1900 -0.4000
      endloop
   endfacet
   facet normal 0.0000 -1.0000 0.0000
      outer loop
         vertex 5.9620 3.1250 0.1145
         vertex 6.2800 3.1250 0.1500
         vertex 6.1981 3.1250 0.8844
      endloop
   endfacet
   facet normal 0.0000 -1.0000 0.0000
      outer loop
         vertex 5.9620 3.1250 0.1145
         vertex 6.1981 3.1250 0.8844
         vertex 6.1751 3.1250 1.2745
      endloop
   endfacet
   facet normal 0.0000 -1.0000 0.0000
      outer loop
         vertex 5.9620 3.1250 0.1145
         vertex 6.1751 3.1250 1.2745
         vertex 6.1928 3.1250 1.6648
      endloop
   endfacet
   facet normal 0.0000 -1.0000 0.0000
      outer loop
         vertex 5.9620 3.1250 0.1145
         vertex 6.1928 3.1250 1.6648
         vertex 6.6000 3.1250 5.2500
      endloop
   endfacet
   facet normal 0.0000 -1.0000 0.0000
      outer loop
         vertex 5.9620 3.1250 0.1145
         vertex 6.6000 3.1250 5.2500
         vertex 6.2779 3.1250 5.2500
      endloop
   endfacet
   facet normal 0.0000 -1.0000 0.0000
      outer loop
         vertex 5.9620 3.1250 0.1145
         vertex 6.2779 3.1250 5.2500
         vertex 5.8746 3.1250 1.6985
      endloop
   endfacet
   facet normal 0.0000 -1.0000 0.0000
      outer loop
         vertex 5.9620 3.1250 0.1145
         vertex 5.8746 3.1250 1.6985
         vertex 5.8551 3.1250 1.2736
      endloop
   endfacet
   facet normal 0.0000 -1.0000 0.0000
      outer loop
         vertex 5.9620 3.1250 0.1145
         vertex 5.8551 3.1250 1.2736
         vertex 5.8801 3.1250 0.8489
      endloop
   endfacet
   facet normal 0.0000 1.0000 0.0000
      outer loop
         vertex 5.8746 4.8750 1.6985
         vertex 6.2779 4.8750 5.2500
         vertex 6.6000 4.8750 5.2500
      endloop
   endfacet
   facet normal 0.0000 1.0000 0.0000
      outer loop
         vertex 5.8746 4.8750 1.6985
         vertex 6.6000 4.8750 5.2500
         vertex 6.1928 4.8750 1.6648
      endloop
   endfacet
   facet normal 0.0000 1.0000 0.0000
      outer loop
         vertex 5.8746 4.8750 1.6985
         vertex 6.1928 4.8750 1.6648
         vertex 6.1751 4.8750 1.2745
      endloop
   endfacet
   facet normal 0.0000 1.0000 0.0000
      outer loop
         vertex 5.8746 4.8750 1.6985
         vertex 6.1751 4.8750 1.2745
         vertex 5.8551 4.8750 1.2736
      endloop
   endfacet
   facet normal 0.0000 1.0000 0.0000
      outer loop
         vertex 6.1981 4.8750 0.8844
         vertex 6.2800 4.8750 0.1500
         vertex 5.8801 4.8750 0.8489
      endloop
   endfacet
   facet normal 0.0000 1.0000 0.0000
      outer loop
         vertex 6.1981 4.8750 0.8844
         vertex 5.8801 4.8750 0.8489
         vertex 5.8551 4.8750 1.2736
      endloop
   endfacet
   facet normal 0.0000 1.0000 0.0000
      outer loop
         vertex 6.1981 4.8750 0.8844
         vertex 5.8551 4.8750 1.2736
         vertex 6.1751 4.8750 1.2745
      endloop
   endfacet
   facet normal 0.0000 1.0000 0.0000
      outer loop
         vertex 5.8801 4.8750 0.8489
         vertex 6.2800 4.8750 0.1500
         vertex 5.9620 4.8750 0.1145
      endloop
   endfacet
   facet normal 0.9936 0.0000 -0.1129
      outer loop
         vertex 6.1928 4.8750 1.6648
         vertex 6.6000 4.8750 5.2500
         vertex 6.6000 3.1250 5.2500
      endloop
   endfacet
   facet normal 0.9936 0.0000 -0.1129
      outer loop
         vertex 6.1928 4.8750 1.6648
         vertex 6.6000 3.1250 5.2500
         vertex 6.1928 3.1250 1.6648
      endloop
   endfacet
   facet normal 0.0000 0.0000 -1.0000
      outer loop
         vertex 6.6000 2.0000 6.7300
         vertex 6.6000 5.7400 6.7300
         vertex 7.3000 5.7400 6.7300
      endloop
   endfacet
   facet normal 0.0000 0.0000 -1.0000
      outer loop
         vertex 6.6000 2.0000 6.7300
         vertex 7.3000 5.7400 6.7300
         vertex 7.3000 2.0000 6.7300
      endloop
   endfacet
   facet normal 0.0000 -1.0000 0.0000
      outer loop
         vertex 7.3000 2.0000 7.0500
         vertex 6.6000 2.0000 7.0500
         vertex 6.6000 2.0000 6.7300
      endloop
   endfacet
   facet normal 0.0000 -1.0000 0.0000
      outer loop
         vertex 7.3000 2.0000 7.0500
         vertex 6.6000 2.0000 6.7300
         vertex 7.3000 2.0000 6.7300
      endloop
   endfacet
   facet normal 0.0000 1.0000 0.0000
      outer loop
         vertex 6.6000 5.7400 7.0500
         vertex 7.3000 5.7400 7.0500
         vertex 7.3000 5.7400 6.7300
      endloop
   endfacet
   facet normal 0.0000 1.0000 0.0000
      outer loop
         vertex 6.6000 5.7400 7.0500
         vertex 7.3000 5.7400 6.7300
         vertex 6.6000 5.7400 6.7300
      endloop
   endfacet
   facet normal 1.0000 0.0000 0.0000
      outer loop
         vertex 7.3000 5.7400 7.0500
         vertex 7.3000 2.0000 7.0500
         vertex 7.3000 2.0000 6.7300
      endloop
   endfacet
   facet normal 1.0000 0.0000 0.0000
      outer loop
         vertex 7.3000 5.7400 7.0500
         vertex 7.3000 2.0000 6.7300
         vertex 7.3000 5.7400 6.7300
      endloop
   endfacet
   facet normal 0.3399 0.9405 0.0000
      outer loop
         vertex 5.8000 6.9000 -7.0500
         vertex 5.8000 6.9000 7.0500
         vertex 6.2000 6.7928 7.0500
      endloop
   endfacet
   facet normal 0.4210 0.9071 0.0000
      outer loop
         vertex 5.8000 6.9000 -7.0500
         vertex 6.2000 6.7928 7.0500
         vertex 6.2000 6.7928 -7.0500
      endloop
   endfacet
   facet normal 0.0000 -1.0000 0.0000
      outer loop
         vertex 6.2800 0.0000 -1.8100
         vertex 5.6000 -0.0000 -1.8100
         vertex 5.6000 -0.0000 -7.0500
      endloop
   endfacet
   facet normal 0.0000 -1.0000 0.0000
      outer loop
         vertex 6.2800 0.0000 -1.8100
         vertex 5.6000 -0.0000 -7.0500
         vertex 6.2800 0.0000 -7.0500
      endloop
   endfacet
   facet normal 0.0000 -1.0000 0.0000
      outer loop
         vertex 5.6100 1.1000 6.7300
         vertex 1.2000 1.1000 6.7300
         vertex 1.5000 1.1000 5.9000
      endloop
   endfacet
   facet normal 0.0000 -1.0000 0.0000
      outer loop
         vertex 1.5000 1.1000 5.9000
         vertex 1.2000 1.1000 6.7300
         vertex 1.2000 1.1000 1.2900
      endloop
   endfacet
   facet normal 0.0000 -1.0000 0.0000
      outer loop
         vertex 1.5000 1.1000 5.9000
         vertex 1.2000 1.1000 1.2900
         vertex 1.5000 1.1000 -0.6000
      endloop
   endfacet
   facet normal 0.0000 -1.0000 0.0000
      outer loop
         vertex 1.5000 1.1000 -0.6000
         vertex 1.2000 1.1000 1.2900
         vertex 1.2000 1.1000 -1.8100
      endloop
   endfacet
   facet normal 0.0000 -1.0000 0.0000
      outer loop
         vertex 1.5000 1.1000 -0.6000
         vertex 1.2000 1.1000 -1.8100
         vertex 4.5000 1.1000 -0.6000
      endloop
   endfacet
   facet normal 0.0000 -1.0000 0.0000
      outer loop
         vertex 4.5000 1.1000 -0.6000
         vertex 1.2000 1.1000 -1.8100
         vertex 5.8000 1.1000 -1.8100
      endloop
   endfacet
   facet normal 0.0000 -1.0000 0.0000
      outer loop
         vertex 4.5000 1.1000 -0.6000
         vertex 5.8000 1.1000 -1.8100
         vertex 5.8000 1.1000 7.0500
      endloop
   endfacet
   facet normal 0.0000 -1.0000 0.0000
      outer loop
         vertex 5.6100 1.1000 6.7300
         vertex 1.5000 1.1000 5.9000
         vertex 4.5000 1.1000 5.9000
      endloop
   endfacet
   facet normal 0.0000 -1.0000 0.0000
      outer loop
         vertex 5.6100 1.1000 6.7300
         vertex 4.5000 1.1000 5.9000
         vertex 4.5000 1.1000 -0.6000
      endloop
   endfacet
   facet normal 0.0000 -1.0000 0.0000
      outer loop
         vertex 5.6100 1.1000 6.7300
         vertex 4.5000 1.1000 -0.6000
         vertex 5.8000 1.1000 7.0500
      endloop
   endfacet
   facet normal 0.0000 -1.0000 0.0000
      outer loop
         vertex 5.6100 1.1000 6.7300
         vertex 5.8000 1.1000 7.0500
         vertex 5.6100 1.1000 7.0500
      endloop
   endfacet
   facet normal 0.3399 -0.9405 0.0000
      outer loop
         vertex 5.8000 1.1000 7.0500
         vertex 5.8000 1.1000 -1.8100
         vertex 6.2000 1.2072 -1.8100
      endloop
   endfacet
   facet normal 0.4210 -0.9071 0.0000
      outer loop
         vertex 5.8000 1.1000 7.0500
         vertex 6.2000 1.2072 -1.8100
         vertex 6.2000 1.2072 7.0500
      endloop
   endfacet
   facet normal -0.4210 -0.9071 0.0000
      outer loop
         vertex 5.7700 6.5800 -1.8000
         vertex 6.0100 6.5157 -1.8000
         vertex 6.0100 6.5157 7.0500
      endloop
   endfacet
   facet normal -0.3399 -0.9405 0.0000
      outer loop
         vertex 5.7700 6.5800 -1.8000
         vertex 6.0100 6.5157 7.0500
         vertex 5.7700 6.5800 7.0500
      endloop
   endfacet
   facet normal -0.7672 -0.6414 0.0000
      outer loop
         vertex 6.0100 6.5157 -1.8000
         vertex 6.1857 6.3400 -1.8000
         vertex 6.1857 6.3400 7.0500
      endloop
   endfacet
   facet normal -0.6414 -0.7672 0.0000
      outer loop
         vertex 6.0100 6.5157 -1.8000
         vertex 6.1857 6.3400 7.0500
         vertex 6.0100 6.5157 7.0500
      endloop
   endfacet
   facet normal -0.9405 -0.3399 0.0000
      outer loop
         vertex 6.1857 6.3400 -1.8000
         vertex 6.2500 6.1000 -1.8000
         vertex 6.2500 6.1000 7.0500
      endloop
   endfacet
   facet normal -0.9071 -0.4210 0.0000
      outer loop
         vertex 6.1857 6.3400 -1.8000
         vertex 6.2500 6.1000 7.0500
         vertex 6.1857 6.3400 7.0500
      endloop
   endfacet
   facet normal -1.0000 0.0000 0.0000
      outer loop
         vertex 6.2500 1.9400 7.0500
         vertex 6.2500 2.8100 5.2500
         vertex 6.2500 1.9400 -1.8000
      endloop
   endfacet
   facet normal -1.0000 0.0000 0.0000
      outer loop
         vertex 6.2500 1.9400 -1.8000
         vertex 6.2500 2.8100 5.2500
         vertex 6.2500 2.8100 -0.4000
      endloop
   endfacet
   facet normal -1.0000 0.0000 0.0000
      outer loop
         vertex 6.2500 1.9400 -1.8000
         vertex 6.2500 2.8100 -0.4000
         vertex 6.2500 6.1000 -1.8000
      endloop
   endfacet
   facet normal -1.0000 0.0000 0.0000
      outer loop
         vertex 6.2500 6.1000 -1.8000
         vertex 6.2500 2.8100 -0.4000
         vertex 6.2500 5.1900 -0.4000
      endloop
   endfacet
   facet normal -1.0000 0.0000 0.0000
      outer loop
         vertex 6.2500 6.1000 -1.8000
         vertex 6.2500 5.1900 -0.4000
         vertex 6.2500 6.1000 7.0500
      endloop
   endfacet
   facet normal -1.0000 0.0000 0.0000
      outer loop
         vertex 6.2500 6.1000 7.0500
         vertex 6.2500 5.1900 -0.4000
         vertex 6.2500 5.1900 5.2500
      endloop
   endfacet
   facet normal -1.0000 0.0000 0.0000
      outer loop
         vertex 6.2500 6.1000 7.0500
         vertex 6.2500 5.1900 5.2500
         vertex 6.2500 2.8100 5.2500
      endloop
   endfacet
   facet normal -1.0000 0.0000 0.0000
      outer loop
         vertex 6.2500 2.8100 5.2500
         vertex 6.2500 1.9400 7.0500
         vertex 6.2500 6.1000 7.0500
      endloop
   endfacet
   facet normal 0.0000 0.0000 -1.0000
      outer loop
         vertex 6.6000 3.1250 5.2500
         vertex 6.6000 2.8100 5.2500
         vertex 6.2779 3.1250 5.2500
      endloop
   endfacet
   facet normal 0.0000 0.0000 -1.0000
      outer loop
         vertex 6.2779 3.1250 5.2500
         vertex 6.6000 2.8100 5.2500
         vertex 6.2500 2.8100 5.2500
      endloop
   endfacet
   facet normal 0.0000 0.0000 -1.0000
      outer loop
         vertex 6.2779 3.1250 5.2500
         vertex 6.2500 2.8100 5.2500
         vertex 6.2779 4.8750 5.2500
      endloop
   endfacet
   facet normal 0.0000 0.0000 -1.0000
      outer loop
         vertex 6.2779 4.8750 5.2500
         vertex 6.2500 2.8100 5.2500
         vertex 6.2500 5.1900 5.2500
      endloop
   endfacet
   facet normal 0.0000 0.0000 -1.0000
      outer loop
         vertex 6.2779 4.8750 5.2500
         vertex 6.2500 5.1900 5.2500
         vertex 6.6000 5.1900 5.2500
      endloop
   endfacet
   facet normal 0.0000 0.0000 -1.0000
      outer loop
         vertex 6.2779 4.8750 5.2500
         vertex 6.6000 5.1900 5.2500
         vertex 6.6000 4.8750 5.2500
      endloop
   endfacet
   facet normal 0.9938 0.0000 0.1108
      outer loop
         vertex 6.2800 4.8750 0.1500
         vertex 6.1981 4.8750 0.8844
         vertex 6.1981 3.1250 0.8844
      endloop
   endfacet
   facet normal 0.9938 0.0000 0.1108
      outer loop
         vertex 6.2800 4.8750 0.1500
         vertex 6.1981 3.1250 0.8844
         vertex 6.2800 3.1250 0.1500
      endloop
   endfacet
   facet normal 0.1108 0.0000 -0.9938
      outer loop
         vertex 5.9620 4.8750 0.1145
         vertex 6.2800 4.8750 0.1500
         vertex 6.2800 3.1250 0.1500
      endloop
   endfacet
   facet normal 0.1108 0.0000 -0.9938
      outer loop
         vertex 5.9620 4.8750 0.1145
         vertex 6.2800 3.1250 0.1500
         vertex 5.9620 3.1250 0.1145
      endloop
   endfacet
   facet normal -0.9071 0.4210 0.0000
      outer loop
         vertex 6.2500 1.9400 -1.8000
         vertex 6.1857 1.7000 -1.8000
         vertex 6.1857 1.7000 7.0500
      endloop
   endfacet
   facet normal -0.9405 0.3399 0.0000
      outer loop
         vertex 6.2500 1.9400 -1.8000
         vertex 6.1857 1.7000 7.0500
         vertex 6.2500 1.9400 7.0500
      endloop
   endfacet
   facet normal -0.9938 0.0000 -0.1108
      outer loop
         vertex 5.9620 3.1250 0.1145
         vertex 5.8801 3.1250 0.8489
         vertex 5.8801 4.8750 0.8489
      endloop
   endfacet
   facet normal -0.9938 0.0000 -0.1108
      outer loop
         vertex 5.9620 3.1250 0.1145
         vertex 5.8801 4.8750 0.8489
         vertex 5.9620 4.8750 0.1145
      endloop
   endfacet
   facet normal -0.9936 0.0000 0.1129
      outer loop
         vertex 6.2779 4.8750 5.2500
         vertex 5.8746 4.8750 1.6985
         vertex 5.8746 3.1250 1.6985
      endloop
   endfacet
   facet normal -0.9936 0.0000 0.1129
      outer loop
         vertex 6.2779 4.8750 5.2500
         vertex 5.8746 3.1250 1.6985
         vertex 6.2779 3.1250 5.2500
      endloop
   endfacet
   facet normal -0.9996 0.0000 0.0284
      outer loop
         vertex 5.8551 3.1250 1.2736
         vertex 5.8746 3.1250 1.6985
         vertex 5.8746 4.8750 1.6985
      endloop
   endfacet
   facet normal -0.9999 0.0000 0.0109
      outer loop
         vertex 5.8551 3.1250 1.2736
         vertex 5.8746 4.8750 1.6985
         vertex 5.8551 4.8750 1.2736
      endloop
   endfacet
   facet normal -0.9997 0.0000 -0.0239
      outer loop
         vertex 5.8801 3.1250 0.8489
         vertex 5.8551 3.1250 1.2736
         vertex 5.8551 4.8750 1.2736
      endloop
   endfacet
   facet normal -0.9991 0.0000 -0.0414
      outer loop
         vertex 5.8801 3.1250 0.8489
         vertex 5.8551 4.8750 1.2736
         vertex 5.8801 4.8750 0.8489
      endloop
   endfacet
   facet normal 0.9991 0.0000 0.0416
      outer loop
         vertex 6.1751 3.1250 1.2745
         vertex 6.1981 3.1250 0.8844
         vertex 6.1981 4.8750 0.8844
      endloop
   endfacet
   facet normal 0.9997 0.0000 0.0242
      outer loop
         vertex 6.1751 3.1250 1.2745
         vertex 6.1981 4.8750 0.8844
         vertex 6.1751 4.8750 1.2745
      endloop
   endfacet
   facet normal 0.9999 0.0000 -0.0106
      outer loop
         vertex 6.1928 3.1250 1.6648
         vertex 6.1751 3.1250 1.2745
         vertex 6.1751 4.8750 1.2745
      endloop
   endfacet
   facet normal 0.9996 0.0000 -0.0280
      outer loop
         vertex 6.1928 3.1250 1.6648
         vertex 6.1751 4.8750 1.2745
         vertex 6.1928 4.8750 1.6648
      endloop
   endfacet
   facet normal -0.6414 0.7672 0.0000
      outer loop
         vertex 6.1857 1.7000 -1.8000
         vertex 6.0100 1.5243 -1.8000
         vertex 6.0100 1.5243 7.0500
      endloop
   endfacet
   facet normal -0.7672 0.6414 0.0000
      outer loop
         vertex 6.1857 1.7000 -1.8000
         vertex 6.0100 1.5243 7.0500
         vertex 6.1857 1.7000 7.0500
      endloop
   endfacet
   facet normal -0.3399 0.9405 0.0000
      outer loop
         vertex 6.0100 1.5243 -1.8000
         vertex 5.7700 1.4600 -1.8000
         vertex 5.7700 1.4600 7.0500
      endloop
   endfacet
   facet normal -0.4210 0.9071 0.0000
      outer loop
         vertex 6.0100 1.5243 -1.8000
         vertex 5.7700 1.4600 7.0500
         vertex 6.0100 1.5243 7.0500
      endloop
   endfacet
   facet normal 1.0000 0.0000 0.0000
      outer loop
         vertex 5.6100 1.1000 7.0500
         vertex 5.6100 0.3950 7.0500
         vertex 5.6100 0.3950 6.7300
      endloop
   endfacet
   facet normal 1.0000 0.0000 0.0000
      outer loop
         vertex 5.6100 1.1000 7.0500
         vertex 5.6100 0.3950 6.7300
         vertex 5.6100 1.1000 6.7300
      endloop
   endfacet
   facet normal 1.0000 0.0000 0.0000
      outer loop
         vertex 5.6100 7.3450 7.0500
         vertex 5.6100 6.9000 7.0500
         vertex 5.6100 6.9000 6.7300
      endloop
   endfacet
   facet normal 1.0000 0.0000 0.0000
      outer loop
         vertex 5.6100 7.3450 7.0500
         vertex 5.6100 6.9000 6.7300
         vertex 5.6100 7.3450 6.7300
      endloop
   endfacet
   facet normal -0.8460 -0.5332 0.0000
      outer loop
         vertex 6.2800 -0.3224 -2.5719
         vertex 6.2800 -0.3224 -4.1281
         vertex 7.4300 -2.1471 -4.0605
      endloop
   endfacet
   facet normal -0.8460 -0.5332 0.0000
      outer loop
         vertex 6.2800 -0.3224 -2.5719
         vertex 7.4300 -2.1471 -4.0605
         vertex 7.4300 -2.1471 -2.6395
      endloop
   endfacet
   facet normal 0.8460 0.5332 0.0000
      outer loop
         vertex 7.7007 -1.9764 -4.0668
         vertex 6.6000 -0.2300 -4.1315
         vertex 6.6000 -0.2300 -2.5685
      endloop
   endfacet
   facet normal 0.8460 0.5332 0.0000
      outer loop
         vertex 7.7007 -1.9764 -4.0668
         vertex 6.6000 -0.2300 -2.5685
         vertex 7.7007 -1.9764 -2.6332
      endloop
   endfacet
   facet normal 0.8793 0.4763 0.0000
      outer loop
         vertex 7.7233 -2.0140 -4.0654
         vertex 7.7007 -1.9764 -4.0668
         vertex 7.7007 -1.9764 -2.6332
      endloop
   endfacet
   facet normal 0.9007 0.4345 0.0000
      outer loop
         vertex 7.7233 -2.0140 -4.0654
         vertex 7.7007 -1.9764 -2.6332
         vertex 7.7233 -2.0140 -2.6346
      endloop
   endfacet
   facet normal 0.9634 0.2680 0.0000
      outer loop
         vertex 7.8750 -2.5800 -4.0445
         vertex 7.7233 -2.0140 -4.0654
         vertex 7.7233 -2.0140 -2.6346
      endloop
   endfacet
   facet normal 0.9908 0.1351 0.0000
      outer loop
         vertex 7.8750 -2.5800 -4.0445
         vertex 7.7233 -2.0140 -2.6346
         vertex 7.8750 -2.5800 -2.6555
      endloop
   endfacet
   facet normal 0.9887 -0.1501 0.0000
      outer loop
         vertex 7.7233 -3.1460 -4.0235
         vertex 7.8750 -2.5800 -4.0445
         vertex 7.8750 -2.5800 -2.6555
      endloop
   endfacet
   facet normal 0.9545 -0.2984 0.0000
      outer loop
         vertex 7.7233 -3.1460 -4.0235
         vertex 7.8750 -2.5800 -2.6555
         vertex 7.7233 -3.1460 -2.6765
      endloop
   endfacet
   facet normal 0.0000 -0.0370 -0.9993
      outer loop
         vertex 7.8750 -2.5800 -4.0445
         vertex 7.7233 -3.1460 -4.0235
         vertex 7.7233 -2.0140 -4.0654
      endloop
   endfacet
   facet normal 0.0000 -0.0370 -0.9993
      outer loop
         vertex 7.7233 -2.0140 -4.0654
         vertex 7.7233 -3.1460 -4.0235
         vertex 7.7056 -3.1699 -4.0227
      endloop
   endfacet
   facet normal 0.0000 -0.0370 -0.9993
      outer loop
         vertex 7.7233 -2.0140 -4.0654
         vertex 7.7056 -3.1699 -4.0227
         vertex 7.7007 -1.9764 -4.0668
      endloop
   endfacet
   facet normal 0.0000 -0.0370 -0.9993
      outer loop
         vertex 7.7007 -1.9764 -4.0668
         vertex 7.7056 -3.1699 -4.0227
         vertex 7.5550 -2.5800 -4.0445
      endloop
   endfacet
   facet normal 0.0000 -0.0370 -0.9993
      outer loop
         vertex 7.7007 -1.9764 -4.0668
         vertex 7.5550 -2.5800 -4.0445
         vertex 7.4462 -2.1740 -4.0595
      endloop
   endfacet
   facet normal 0.0000 -0.0370 -0.9993
      outer loop
         vertex 7.7056 -3.1699 -4.0227
         vertex 7.3030 -3.1699 -4.0227
         vertex 7.3352 -3.1356 -4.0239
      endloop
   endfacet
   facet normal 0.0000 -0.0370 -0.9993
      outer loop
         vertex 7.7056 -3.1699 -4.0227
         vertex 7.3352 -3.1356 -4.0239
         vertex 7.4462 -2.9860 -4.0295
      endloop
   endfacet
   facet normal 0.0000 -0.0370 -0.9993
      outer loop
         vertex 7.7056 -3.1699 -4.0227
         vertex 7.4462 -2.9860 -4.0295
         vertex 7.5550 -2.5800 -4.0445
      endloop
   endfacet
   facet normal 0.0000 -0.0370 -0.9993
      outer loop
         vertex 6.2800 -0.1800 -4.1333
         vertex 6.6000 -0.1800 -4.1333
         vertex 6.2800 -0.3224 -4.1281
      endloop
   endfacet
   facet normal 0.0000 -0.0370 -0.9993
      outer loop
         vertex 6.2800 -0.3224 -4.1281
         vertex 6.6000 -0.1800 -4.1333
         vertex 6.6000 -0.2300 -4.1315
      endloop
   endfacet
   facet normal 0.0000 -0.0370 -0.9993
      outer loop
         vertex 6.2800 -0.3224 -4.1281
         vertex 6.6000 -0.2300 -4.1315
         vertex 7.4300 -2.1471 -4.0605
      endloop
   endfacet
   facet normal 0.0000 -0.0370 -0.9993
      outer loop
         vertex 7.4300 -2.1471 -4.0605
         vertex 6.6000 -0.2300 -4.1315
         vertex 7.7007 -1.9764 -4.0668
      endloop
   endfacet
   facet normal 0.0000 -0.0370 -0.9993
      outer loop
         vertex 7.4300 -2.1471 -4.0605
         vertex 7.7007 -1.9764 -4.0668
         vertex 7.4462 -2.1740 -4.0595
      endloop
   endfacet
   facet normal 0.0000 -0.0370 0.9993
      outer loop
         vertex 6.6000 -0.1800 -2.5667
         vertex 6.2800 -0.1800 -2.5667
         vertex 6.6000 -0.2300 -2.5685
      endloop
   endfacet
   facet normal 0.0000 -0.0370 0.9993
      outer loop
         vertex 6.6000 -0.2300 -2.5685
         vertex 6.2800 -0.1800 -2.5667
         vertex 7.4300 -2.1471 -2.6395
      endloop
   endfacet
   facet normal 0.0000 -0.0370 0.9993
      outer loop
         vertex 6.6000 -0.2300 -2.5685
         vertex 7.4300 -2.1471 -2.6395
         vertex 7.7007 -1.9764 -2.6332
      endloop
   endfacet
   facet normal 0.0000 -0.0370 0.9993
      outer loop
         vertex 7.7007 -1.9764 -2.6332
         vertex 7.4300 -2.1471 -2.6395
         vertex 7.4462 -2.1740 -2.6405
      endloop
   endfacet
   facet normal 0.0000 -0.0370 0.9993
      outer loop
         vertex 7.7007 -1.9764 -2.6332
         vertex 7.4462 -2.1740 -2.6405
         vertex 7.5550 -2.5800 -2.6555
      endloop
   endfacet
   facet normal 0.0000 -0.0370 0.9993
      outer loop
         vertex 7.7233 -2.0140 -2.6346
         vertex 7.7007 -1.9764 -2.6332
         vertex 7.7056 -3.1699 -2.6773
      endloop
   endfacet
   facet normal 0.0000 -0.0370 0.9993
      outer loop
         vertex 7.7233 -2.0140 -2.6346
         vertex 7.7056 -3.1699 -2.6773
         vertex 7.7233 -3.1460 -2.6765
      endloop
   endfacet
   facet normal 0.0000 -0.0370 0.9993
      outer loop
         vertex 7.7233 -2.0140 -2.6346
         vertex 7.7233 -3.1460 -2.6765
         vertex 7.8750 -2.5800 -2.6555
      endloop
   endfacet
   facet normal 0.0000 -0.0370 0.9993
      outer loop
         vertex 7.7056 -3.1699 -2.6773
         vertex 7.7007 -1.9764 -2.6332
         vertex 7.5550 -2.5800 -2.6555
      endloop
   endfacet
   facet normal 0.0000 -0.0370 0.9993
      outer loop
         vertex 7.7056 -3.1699 -2.6773
         vertex 7.5550 -2.5800 -2.6555
         vertex 7.4462 -2.9860 -2.6705
      endloop
   endfacet
   facet normal 0.0000 -0.0370 0.9993
      outer loop
         vertex 7.7056 -3.1699 -2.6773
         vertex 7.4462 -2.9860 -2.6705
         vertex 7.3352 -3.1356 -2.6761
      endloop
   endfacet
   facet normal 0.0000 -0.0370 0.9993
      outer loop
         vertex 7.7056 -3.1699 -2.6773
         vertex 7.3352 -3.1356 -2.6761
         vertex 7.3030 -3.1699 -2.6773
      endloop
   endfacet
   facet normal 0.0000 -0.0370 0.9993
      outer loop
         vertex 7.4300 -2.1471 -2.6395
         vertex 6.2800 -0.1800 -2.5667
         vertex 6.2800 -0.3224 -2.5719
      endloop
   endfacet
   facet normal -0.7293 0.6842 0.0000
      outer loop
         vertex 7.3352 -3.1356 -2.6761
         vertex 7.3352 -3.1356 -4.0239
         vertex 7.3030 -3.1699 -4.0227
      endloop
   endfacet
   facet normal -0.7293 0.6842 0.0000
      outer loop
         vertex 7.3352 -3.1356 -2.6761
         vertex 7.3030 -3.1699 -4.0227
         vertex 7.0334 -3.4573 -3.9341
      endloop
   endfacet
   facet normal -0.7293 0.6842 0.0000
      outer loop
         vertex 7.3352 -3.1356 -2.6761
         vertex 7.0334 -3.4573 -3.9341
         vertex 6.8017 -3.7041 -3.6873
      endloop
   endfacet
   facet normal -0.7293 0.6842 0.0000
      outer loop
         vertex 7.3352 -3.1356 -2.6761
         vertex 6.8017 -3.7041 -3.6873
         vertex 6.7169 -3.7945 -3.3500
      endloop
   endfacet
   facet normal -0.7293 0.6842 0.0000
      outer loop
         vertex 7.3352 -3.1356 -2.6761
         vertex 6.7169 -3.7945 -3.3500
         vertex 6.8017 -3.7041 -3.0127
      endloop
   endfacet
   facet normal -0.7293 0.6842 0.0000
      outer loop
         vertex 7.3352 -3.1356 -2.6761
         vertex 6.8017 -3.7041 -3.0127
         vertex 7.0334 -3.4573 -2.7659
      endloop
   endfacet
   facet normal -0.7293 0.6842 0.0000
      outer loop
         vertex 7.3352 -3.1356 -2.6761
         vertex 7.0334 -3.4573 -2.7659
         vertex 7.3030 -3.1699 -2.6773
      endloop
   endfacet
   facet normal 0.8710 -0.4914 0.0000
      outer loop
         vertex 7.7056 -3.1699 -4.0227
         vertex 7.7233 -3.1460 -4.0235
         vertex 7.7233 -3.1460 -2.6765
      endloop
   endfacet
   facet normal 0.8383 -0.5452 0.0000
      outer loop
         vertex 7.7056 -3.1699 -4.0227
         vertex 7.7233 -3.1460 -2.6765
         vertex 7.7056 -3.1699 -2.6773
      endloop
   endfacet
   facet normal 0.8029 -0.5960 0.0000
      outer loop
         vertex 7.7056 -3.1699 -4.0227
         vertex 7.7056 -3.1699 -2.6773
         vertex 7.5685 -3.3545 -2.7342
      endloop
   endfacet
   facet normal 0.8029 -0.5960 0.0000
      outer loop
         vertex 7.7056 -3.1699 -4.0227
         vertex 7.5685 -3.3545 -2.7342
         vertex 7.5685 -3.3545 -3.9658
      endloop
   endfacet
   facet normal 0.7293 -0.6842 0.0000
      outer loop
         vertex 7.4722 -3.4573 -3.9341
         vertex 7.5685 -3.3545 -3.9658
         vertex 7.5685 -3.3545 -2.7342
      endloop
   endfacet
   facet normal 0.7293 -0.6842 0.0000
      outer loop
         vertex 7.4722 -3.4573 -3.9341
         vertex 7.5685 -3.3545 -2.7342
         vertex 7.4722 -3.4573 -2.7659
      endloop
   endfacet
   facet normal 0.7293 -0.6842 0.0000
      outer loop
         vertex 7.4722 -3.4573 -3.9341
         vertex 7.4722 -3.4573 -2.7659
         vertex 7.2405 -3.7041 -3.0127
      endloop
   endfacet
   facet normal 0.7293 -0.6842 0.0000
      outer loop
         vertex 7.4722 -3.4573 -3.9341
         vertex 7.2405 -3.7041 -3.0127
         vertex 7.1557 -3.7945 -3.3500
      endloop
   endfacet
   facet normal 0.7293 -0.6842 0.0000
      outer loop
         vertex 7.4722 -3.4573 -3.9341
         vertex 7.1557 -3.7945 -3.3500
         vertex 7.2405 -3.7041 -3.6873
      endloop
   endfacet
   facet normal 0.0000 -0.7707 0.6372
      outer loop
         vertex 7.0334 -3.4573 -2.7659
         vertex 6.8017 -3.7041 -3.0127
         vertex 7.2405 -3.7041 -3.0127
      endloop
   endfacet
   facet normal 0.0000 -0.6505 0.7595
      outer loop
         vertex 7.0334 -3.4573 -2.7659
         vertex 7.2405 -3.7041 -3.0127
         vertex 7.4722 -3.4573 -2.7659
      endloop
   endfacet
   facet normal 0.0000 -0.4435 0.8963
      outer loop
         vertex 7.3030 -3.1699 -2.6773
         vertex 7.0334 -3.4573 -2.7659
         vertex 7.4722 -3.4573 -2.7659
      endloop
   endfacet
   facet normal 0.0000 -0.3692 0.9294
      outer loop
         vertex 7.3030 -3.1699 -2.6773
         vertex 7.4722 -3.4573 -2.7659
         vertex 7.5685 -3.3545 -2.7342
      endloop
   endfacet
   facet normal 0.0000 -0.2944 0.9557
      outer loop
         vertex 7.3030 -3.1699 -2.6773
         vertex 7.5685 -3.3545 -2.7342
         vertex 7.7056 -3.1699 -2.6773
      endloop
   endfacet
   facet normal 0.0000 -0.9851 0.1719
      outer loop
         vertex 6.8017 -3.7041 -3.0127
         vertex 6.7169 -3.7945 -3.3500
         vertex 7.1557 -3.7945 -3.3500
      endloop
   endfacet
   facet normal 0.0000 -0.9391 0.3437
      outer loop
         vertex 6.8017 -3.7041 -3.0127
         vertex 7.1557 -3.7945 -3.3500
         vertex 7.2405 -3.7041 -3.0127
      endloop
   endfacet
   facet normal 0.0000 -0.9851 -0.1719
      outer loop
         vertex 7.1557 -3.7945 -3.3500
         vertex 6.7169 -3.7945 -3.3500
         vertex 6.8017 -3.7041 -3.6873
      endloop
   endfacet
   facet normal 0.0000 -0.9391 -0.3437
      outer loop
         vertex 7.1557 -3.7945 -3.3500
         vertex 6.8017 -3.7041 -3.6873
         vertex 7.2405 -3.7041 -3.6873
      endloop
   endfacet
   facet normal 0.0000 -0.7707 -0.6372
      outer loop
         vertex 7.2405 -3.7041 -3.6873
         vertex 6.8017 -3.7041 -3.6873
         vertex 7.0334 -3.4573 -3.9341
      endloop
   endfacet
   facet normal 0.0000 -0.6505 -0.7595
      outer loop
         vertex 7.2405 -3.7041 -3.6873
         vertex 7.0334 -3.4573 -3.9341
         vertex 7.4722 -3.4573 -3.9341
      endloop
   endfacet
   facet normal 0.0000 -0.4435 -0.8963
      outer loop
         vertex 7.4722 -3.4573 -3.9341
         vertex 7.0334 -3.4573 -3.9341
         vertex 7.3030 -3.1699 -4.0227
      endloop
   endfacet
   facet normal 0.0000 -0.3692 -0.9294
      outer loop
         vertex 7.4722 -3.4573 -3.9341
         vertex 7.3030 -3.1699 -4.0227
         vertex 7.7056 -3.1699 -4.0227
      endloop
   endfacet
   facet normal 0.0000 -0.3692 -0.9294
      outer loop
         vertex 7.4722 -3.4573 -3.9341
         vertex 7.7056 -3.1699 -4.0227
         vertex 7.5685 -3.3545 -3.9658
      endloop
   endfacet
   facet normal -0.8710 0.4914 0.0000
      outer loop
         vertex 7.4462 -2.9860 -2.6705
         vertex 7.4462 -2.9860 -4.0295
         vertex 7.3352 -3.1356 -4.0239
      endloop
   endfacet
   facet normal -0.8383 0.5452 0.0000
      outer loop
         vertex 7.4462 -2.9860 -2.6705
         vertex 7.3352 -3.1356 -4.0239
         vertex 7.3352 -3.1356 -2.6761
      endloop
   endfacet
   facet normal -0.9887 0.1501 0.0000
      outer loop
         vertex 7.5550 -2.5800 -2.6555
         vertex 7.5550 -2.5800 -4.0445
         vertex 7.4462 -2.9860 -4.0295
      endloop
   endfacet
   facet normal -0.9545 0.2984 0.0000
      outer loop
         vertex 7.5550 -2.5800 -2.6555
         vertex 7.4462 -2.9860 -4.0295
         vertex 7.4462 -2.9860 -2.6705
      endloop
   endfacet
   facet normal -0.9634 -0.2680 0.0000
      outer loop
         vertex 7.4462 -2.1740 -2.6405
         vertex 7.4462 -2.1740 -4.0595
         vertex 7.5550 -2.5800 -4.0445
      endloop
   endfacet
   facet normal -0.9908 -0.1351 0.0000
      outer loop
         vertex 7.4462 -2.1740 -2.6405
         vertex 7.5550 -2.5800 -4.0445
         vertex 7.5550 -2.5800 -2.6555
      endloop
   endfacet
   facet normal -0.8793 -0.4763 0.0000
      outer loop
         vertex 7.4300 -2.1471 -2.6395
         vertex 7.4300 -2.1471 -4.0605
         vertex 7.4462 -2.1740 -4.0595
      endloop
   endfacet
   facet normal -0.9007 -0.4345 0.0000
      outer loop
         vertex 7.4300 -2.1471 -2.6395
         vertex 7.4462 -2.1740 -4.0595
         vertex 7.4462 -2.1740 -2.6405
      endloop
   endfacet
   facet normal 0.0000 -1.0000 0.0000
      outer loop
         vertex -6.2800 -0.1800 -4.1333
         vertex -6.6000 -0.1800 -4.1333
         vertex -6.6000 -0.1800 -7.0500
      endloop
   endfacet
   facet normal 0.0000 -1.0000 0.0000
      outer loop
         vertex -6.2800 -0.1800 -4.1333
         vertex -6.6000 -0.1800 -7.0500
         vertex -6.2800 -0.1800 -7.0500
      endloop
   endfacet
   facet normal 0.0000 -1.0000 0.0000
      outer loop
         vertex -6.6000 -0.1800 -2.5667
         vertex -6.2800 -0.1800 -2.5667
         vertex -6.2800 -0.1800 -1.8100
      endloop
   endfacet
   facet normal 0.0000 -1.0000 0.0000
      outer loop
         vertex -6.6000 -0.1800 -2.5667
         vertex -6.2800 -0.1800 -1.8100
         vertex -6.6000 -0.1800 -1.8100
      endloop
   endfacet
   facet normal 0.0000 -1.0000 0.0000
      outer loop
         vertex -1.7500 -0.1800 -1.8100
         vertex -2.2500 -0.1800 -1.8100
         vertex -2.2500 -0.1800 -7.0500
      endloop
   endfacet
   facet normal 0.0000 -1.0000 0.0000
      outer loop
         vertex -1.7500 -0.1800 -1.8100
         vertex -2.2500 -0.1800 -7.0500
         vertex -1.7500 -0.1800 -7.0500
      endloop
   endfacet
   facet normal 0.0000 -1.0000 0.0000
      outer loop
         vertex -5.1000 -0.1800 -1.8100
         vertex -5.6000 -0.1800 -1.8100
         vertex -5.6000 -0.1800 -7.0500
      endloop
   endfacet
   facet normal 0.0000 -1.0000 0.0000
      outer loop
         vertex -5.1000 -0.1800 -1.8100
         vertex -5.6000 -0.1800 -7.0500
         vertex -5.1000 -0.1800 -7.0500
      endloop
   endfacet
   facet normal -1.0000 0.0000 0.0000
      outer loop
         vertex -5.6000 -0.1800 -7.0500
         vertex -5.6000 -0.1800 -1.8100
         vertex -5.6000 0.0000 -1.8100
      endloop
   endfacet
   facet normal -1.0000 0.0000 0.0000
      outer loop
         vertex -5.6000 -0.1800 -7.0500
         vertex -5.6000 0.0000 -1.8100
         vertex -5.6000 0.0000 -7.0500
      endloop
   endfacet
   facet normal -1.0000 0.0000 0.0000
      outer loop
         vertex -2.2500 -0.1800 -7.0500
         vertex -2.2500 -0.1800 -1.8100
         vertex -2.2500 0.0000 -1.8100
      endloop
   endfacet
   facet normal -1.0000 0.0000 0.0000
      outer loop
         vertex -2.2500 -0.1800 -7.0500
         vertex -2.2500 0.0000 -1.8100
         vertex -2.2500 0.0000 -7.0500
      endloop
   endfacet
   facet normal 0.0000 -1.0000 0.0000
      outer loop
         vertex -1.2000 0.0000 -1.8100
         vertex -1.7500 0.0000 -1.8100
         vertex -1.7500 0.0000 -7.0500
      endloop
   endfacet
   facet normal 0.0000 -1.0000 0.0000
      outer loop
         vertex -1.2000 0.0000 -1.8100
         vertex -1.7500 0.0000 -7.0500
         vertex -0.2500 0.0000 -1.8100
      endloop
   endfacet
   facet normal 0.0000 -1.0000 0.0000
      outer loop
         vertex -1.2000 0.0000 -1.8100
         vertex -0.2500 0.0000 -1.8100
         vertex -0.2500 0.0000 1.2900
      endloop
   endfacet
   facet normal 0.0000 -1.0000 0.0000
      outer loop
         vertex -1.2000 0.0000 -1.8100
         vertex -0.2500 0.0000 1.2900
         vertex -1.2000 0.0000 1.2900
      endloop
   endfacet
   facet normal 0.0000 -1.0000 0.0000
      outer loop
         vertex -0.2500 0.0000 -1.8100
         vertex -1.7500 0.0000 -7.0500
         vertex -0.2500 0.0000 -7.0500
      endloop
   endfacet
   facet normal 0.0000 -1.0000 0.0000
      outer loop
         vertex 4.5000 6.5800 -0.6000
         vertex 4.0000 6.5800 -0.6000
         vertex 4.0000 6.5800 -0.6130
      endloop
   endfacet
   facet normal 0.0000 -1.0000 0.0000
      outer loop
         vertex 4.5000 6.5800 -0.6000
         vertex 4.0000 6.5800 -0.6130
         vertex -5.7700 6.5800 -1.8000
      endloop
   endfacet
   facet normal 0.0000 -1.0000 0.0000
      outer loop
         vertex 4.5000 6.5800 -0.6000
         vertex -5.7700 6.5800 -1.8000
         vertex 5.7700 6.5800 -1.8000
      endloop
   endfacet
   facet normal 0.0000 -1.0000 0.0000
      outer loop
         vertex 4.5000 6.5800 -0.6000
         vertex 5.7700 6.5800 -1.8000
         vertex 5.7700 6.5800 7.0500
      endloop
   endfacet
   facet normal 0.0000 -1.0000 0.0000
      outer loop
         vertex 4.5000 6.5800 -0.6000
         vertex 5.7700 6.5800 7.0500
         vertex 4.5000 6.5800 5.9000
      endloop
   endfacet
   facet normal 0.0000 -1.0000 0.0000
      outer loop
         vertex -2.0000 6.5800 -0.6130
         vertex -4.0000 6.5800 -0.6130
         vertex -5.7700 6.5800 -1.8000
      endloop
   endfacet
   facet normal 0.0000 -1.0000 0.0000
      outer loop
         vertex -2.0000 6.5800 -0.6130
         vertex -5.7700 6.5800 -1.8000
         vertex 2.0000 6.5800 -0.6130
      endloop
   endfacet
   facet normal 0.0000 -1.0000 0.0000
      outer loop
         vertex -2.0000 6.5800 -0.6130
         vertex 2.0000 6.5800 -0.6130
         vertex 2.0000 6.5800 -0.6000
      endloop
   endfacet
   facet normal 0.0000 -1.0000 0.0000
      outer loop
         vertex -2.0000 6.5800 -0.6130
         vertex 2.0000 6.5800 -0.6000
         vertex 1.5000 6.5800 -0.6000
      endloop
   endfacet
   facet normal 0.0000 -1.0000 0.0000
      outer loop
         vertex -2.0000 6.5800 -0.6130
         vertex 1.5000 6.5800 -0.6000
         vertex -1.5000 6.5800 -0.6000
      endloop
   endfacet
   facet normal 0.0000 -1.0000 0.0000
      outer loop
         vertex -2.0000 6.5800 -0.6130
         vertex -1.5000 6.5800 -0.6000
         vertex -2.0000 6.5800 -0.6000
      endloop
   endfacet
   facet normal 0.0000 -1.0000 0.0000
      outer loop
         vertex -1.5000 6.5800 -0.6000
         vertex 1.5000 6.5800 5.9000
         vertex -1.5000 6.5800 5.9000
      endloop
   endfacet
   facet normal 0.0000 -1.0000 0.0000
      outer loop
         vertex -1.5000 6.5800 5.9000
         vertex 1.5000 6.5800 5.9000
         vertex 5.7700 6.5800 7.0500
      endloop
   endfacet
   facet normal 0.0000 -1.0000 0.0000
      outer loop
         vertex -1.5000 6.5800 5.9000
         vertex 5.7700 6.5800 7.0500
         vertex -4.5000 6.5800 5.9000
      endloop
   endfacet
   facet normal 0.0000 -1.0000 0.0000
      outer loop
         vertex -4.5000 6.5800 5.9000
         vertex 5.7700 6.5800 7.0500
         vertex -5.7700 6.5800 7.0500
      endloop
   endfacet
   facet normal 0.0000 -1.0000 0.0000
      outer loop
         vertex -4.5000 6.5800 5.9000
         vertex -5.7700 6.5800 7.0500
         vertex -4.5000 6.5800 -0.6000
      endloop
   endfacet
   facet normal 0.0000 -1.0000 0.0000
      outer loop
         vertex -4.5000 6.5800 -0.6000
         vertex -5.7700 6.5800 7.0500
         vertex -5.7700 6.5800 -1.8000
      endloop
   endfacet
   facet normal 0.0000 -1.0000 0.0000
      outer loop
         vertex -4.5000 6.5800 -0.6000
         vertex -5.7700 6.5800 -1.8000
         vertex -4.0000 6.5800 -0.6130
      endloop
   endfacet
   facet normal 0.0000 -1.0000 0.0000
      outer loop
         vertex 4.5000 6.5800 5.9000
         vertex 5.7700 6.5800 7.0500
         vertex 1.5000 6.5800 5.9000
      endloop
   endfacet
   facet normal 0.0000 -1.0000 0.0000
      outer loop
         vertex 2.0000 6.5800 -0.6130
         vertex -5.7700 6.5800 -1.8000
         vertex 4.0000 6.5800 -0.6130
      endloop
   endfacet
   facet normal 0.0000 -1.0000 0.0000
      outer loop
         vertex -4.5000 6.5800 -0.6000
         vertex -4.0000 6.5800 -0.6130
         vertex -4.0000 6.5800 -0.6000
      endloop
   endfacet
   facet normal 0.0000 -1.0000 0.0000
      outer loop
         vertex 1.5000 6.5800 5.9000
         vertex -1.5000 6.5800 -0.6000
         vertex 1.5000 6.5800 -0.6000
      endloop
   endfacet
   facet normal -1.0000 0.0000 0.0000
      outer loop
         vertex -1.5000 6.5800 -0.6000
         vertex -1.5000 6.5800 5.9000
         vertex -1.5000 6.9000 5.9000
      endloop
   endfacet
   facet normal -1.0000 0.0000 0.0000
      outer loop
         vertex -1.5000 6.5800 -0.6000
         vertex -1.5000 6.9000 5.9000
         vertex -1.5000 6.9000 -0.6000
      endloop
   endfacet
   facet normal 0.0000 0.0000 -1.0000
      outer loop
         vertex -1.5000 6.5800 5.9000
         vertex -4.5000 6.5800 5.9000
         vertex -4.5000 6.9000 5.9000
      endloop
   endfacet
   facet normal 0.0000 0.0000 -1.0000
      outer loop
         vertex -1.5000 6.5800 5.9000
         vertex -4.5000 6.9000 5.9000
         vertex -1.5000 6.9000 5.9000
      endloop
   endfacet
   facet normal 0.0000 0.0000 1.0000
      outer loop
         vertex -1.5000 6.9000 -0.6000
         vertex -2.0000 6.9000 -0.6000
         vertex -2.0000 6.5800 -0.6000
      endloop
   endfacet
   facet normal 0.0000 0.0000 1.0000
      outer loop
         vertex -1.5000 6.9000 -0.6000
         vertex -2.0000 6.5800 -0.6000
         vertex -1.5000 6.5800 -0.6000
      endloop
   endfacet
   facet normal 1.0000 0.0000 0.0000
      outer loop
         vertex -2.0000 6.2609 3.0939
         vertex -2.0000 6.3500 3.7750
         vertex -2.0000 6.4493 4.6487
      endloop
   endfacet
   facet normal 1.0000 0.0000 0.0000
      outer loop
         vertex -2.0000 6.4493 4.6487
         vertex -2.0000 6.3500 3.7750
         vertex -2.0000 6.4572 4.1750
      endloop
   endfacet
   facet normal 1.0000 0.0000 0.0000
      outer loop
         vertex -2.0000 6.4493 4.6487
         vertex -2.0000 6.4572 4.1750
         vertex -2.0000 6.6998 4.8496
      endloop
   endfacet
   facet normal 1.0000 0.0000 0.0000
      outer loop
         vertex -2.0000 6.6998 4.8496
         vertex -2.0000 6.4572 4.1750
         vertex -2.0000 6.6495 4.3991
      endloop
   endfacet
   facet normal 1.0000 0.0000 0.0000
      outer loop
         vertex -2.0000 6.6998 4.8496
         vertex -2.0000 6.6495 4.3991
         vertex -2.0000 6.9000 4.6000
      endloop
   endfacet
   facet normal 1.0000 0.0000 0.0000
      outer loop
         vertex -2.0000 6.5149 3.2885
         vertex -2.0000 6.4572 3.3750
         vertex -2.0000 6.5800 -0.6130
      endloop
   endfacet
   facet normal 1.0000 0.0000 0.0000
      outer loop
         vertex -2.0000 6.5800 -0.6130
         vertex -2.0000 6.4572 3.3750
         vertex -2.0000 6.3500 3.7750
      endloop
   endfacet
   facet normal 1.0000 0.0000 0.0000
      outer loop
         vertex -2.0000 6.5800 -0.6130
         vertex -2.0000 6.3500 3.7750
         vertex -2.0000 6.2799 3.0691
      endloop
   endfacet
   facet normal 1.0000 0.0000 0.0000
      outer loop
         vertex -2.0000 6.2799 3.0691
         vertex -2.0000 6.3500 3.7750
         vertex -2.0000 6.2609 3.0939
      endloop
   endfacet
   facet normal 1.0000 0.0000 0.0000
      outer loop
         vertex -2.0000 6.1801 4.3350
         vertex -2.0000 6.0300 3.7750
         vertex -2.0000 6.1801 3.2150
      endloop
   endfacet
   facet normal 1.0000 0.0000 0.0000
      outer loop
         vertex -2.0000 6.1801 4.3350
         vertex -2.0000 6.1801 3.2150
         vertex -2.0000 6.2609 3.0939
      endloop
   endfacet
   facet normal 1.0000 0.0000 0.0000
      outer loop
         vertex -2.0000 6.1801 4.3350
         vertex -2.0000 6.2609 3.0939
         vertex -2.0000 6.4493 4.6487
      endloop
   endfacet
   facet normal 1.0000 0.0000 0.0000
      outer loop
         vertex -2.0000 6.5800 -0.6000
         vertex -2.0000 6.9000 -0.6000
         vertex -2.0000 6.5912 3.1890
      endloop
   endfacet
   facet normal 1.0000 0.0000 0.0000
      outer loop
         vertex -2.0000 6.5800 -0.6000
         vertex -2.0000 6.5912 3.1890
         vertex -2.0000 6.5149 3.2885
      endloop
   endfacet
   facet normal 1.0000 0.0000 0.0000
      outer loop
         vertex -2.0000 6.5800 -0.6000
         vertex -2.0000 6.5149 3.2885
         vertex -2.0000 6.5800 -0.6130
      endloop
   endfacet
   facet normal 0.0000 0.9967 0.0812
      outer loop
         vertex -4.0000 6.9000 -0.6000
         vertex -4.0000 6.5912 3.1890
         vertex -2.0000 6.5912 3.1890
      endloop
   endfacet
   facet normal 0.0000 0.9967 0.0812
      outer loop
         vertex -4.0000 6.9000 -0.6000
         vertex -2.0000 6.5912 3.1890
         vertex -2.0000 6.9000 -0.6000
      endloop
   endfacet
   facet normal 0.0000 0.6256 -0.7801
      outer loop
         vertex -4.0000 6.9000 4.6000
         vertex -2.0000 6.9000 4.6000
         vertex -2.0000 6.6495 4.3991
      endloop
   endfacet
   facet normal 0.0000 0.6256 -0.7801
      outer loop
         vertex -4.0000 6.9000 4.6000
         vertex -2.0000 6.6495 4.3991
         vertex -4.0000 6.6495 4.3991
      endloop
   endfacet
   facet normal 0.0000 0.7801 0.6256
      outer loop
         vertex -2.0000 6.9000 4.6000
         vertex -4.0000 6.9000 4.6000
         vertex -4.0000 6.6998 4.8496
      endloop
   endfacet
   facet normal 0.0000 0.7801 0.6256
      outer loop
         vertex -2.0000 6.9000 4.6000
         vertex -4.0000 6.6998 4.8496
         vertex -2.0000 6.6998 4.8496
      endloop
   endfacet
   facet normal 0.0000 -0.6256 0.7801
      outer loop
         vertex -4.0000 6.6998 4.8496
         vertex -4.0000 6.4493 4.6487
         vertex -2.0000 6.4493 4.6487
      endloop
   endfacet
   facet normal 0.0000 -0.6256 0.7801
      outer loop
         vertex -4.0000 6.6998 4.8496
         vertex -2.0000 6.4493 4.6487
         vertex -2.0000 6.6998 4.8496
      endloop
   endfacet
   facet normal 0.0000 0.7938 0.6081
      outer loop
         vertex -2.0000 6.5149 3.2885
         vertex -2.0000 6.5912 3.1890
         vertex -4.0000 6.5912 3.1890
      endloop
   endfacet
   facet normal 0.0000 0.7938 0.6081
      outer loop
         vertex -2.0000 6.5149 3.2885
         vertex -4.0000 6.5912 3.1890
         vertex -4.0000 6.5149 3.2885
      endloop
   endfacet
   facet normal 0.0000 0.8466 -0.5322
      outer loop
         vertex -2.0000 6.6495 4.3991
         vertex -2.0000 6.4572 4.1750
         vertex -4.0000 6.4572 4.1750
      endloop
   endfacet
   facet normal 0.0000 0.8045 -0.5940
      outer loop
         vertex -2.0000 6.6495 4.3991
         vertex -4.0000 6.4572 4.1750
         vertex -4.0000 6.6495 4.3991
      endloop
   endfacet
   facet normal 0.0000 0.9592 0.2826
      outer loop
         vertex -2.0000 6.4572 3.3750
         vertex -4.0000 6.4572 3.3750
         vertex -4.0000 6.3500 3.7750
      endloop
   endfacet
   facet normal 0.0000 0.9898 0.1423
      outer loop
         vertex -2.0000 6.4572 3.3750
         vertex -4.0000 6.3500 3.7750
         vertex -2.0000 6.3500 3.7750
      endloop
   endfacet
   facet normal 0.0000 -0.9967 -0.0812
      outer loop
         vertex -2.0000 6.2799 3.0691
         vertex -4.0000 6.2799 3.0691
         vertex -4.0000 6.5800 -0.6130
      endloop
   endfacet
   facet normal 0.0000 -0.9967 -0.0812
      outer loop
         vertex -2.0000 6.2799 3.0691
         vertex -4.0000 6.5800 -0.6130
         vertex -2.0000 6.5800 -0.6130
      endloop
   endfacet
   facet normal 0.0000 -0.9473 0.3204
      outer loop
         vertex -2.0000 6.0300 3.7750
         vertex -2.0000 6.1801 4.3350
         vertex -4.0000 6.1801 4.3350
      endloop
   endfacet
   facet normal 0.0000 -0.9870 0.1607
      outer loop
         vertex -2.0000 6.0300 3.7750
         vertex -4.0000 6.1801 4.3350
         vertex -4.0000 6.0300 3.7750
      endloop
   endfacet
   facet normal 0.0000 -0.8045 0.5940
      outer loop
         vertex -2.0000 6.1801 4.3350
         vertex -2.0000 6.4493 4.6487
         vertex -4.0000 6.4493 4.6487
      endloop
   endfacet
   facet normal 0.0000 -0.8466 0.5322
      outer loop
         vertex -2.0000 6.1801 4.3350
         vertex -4.0000 6.4493 4.6487
         vertex -4.0000 6.1801 4.3350
      endloop
   endfacet
   facet normal 0.0000 -0.7938 -0.6081
      outer loop
         vertex -2.0000 6.2609 3.0939
         vertex -4.0000 6.2609 3.0939
         vertex -4.0000 6.2799 3.0691
      endloop
   endfacet
   facet normal 0.0000 -0.7938 -0.6081
      outer loop
         vertex -2.0000 6.2609 3.0939
         vertex -4.0000 6.2799 3.0691
         vertex -2.0000 6.2799 3.0691
      endloop
   endfacet
   facet normal 0.0000 -0.8604 -0.5096
      outer loop
         vertex -4.0000 6.2609 3.0939
         vertex -2.0000 6.2609 3.0939
         vertex -2.0000 6.1801 3.2150
      endloop
   endfacet
   facet normal 0.0000 -0.8869 -0.4619
      outer loop
         vertex -4.0000 6.2609 3.0939
         vertex -2.0000 6.1801 3.2150
         vertex -4.0000 6.1801 3.2150
      endloop
   endfacet
   facet normal 0.0000 -0.9898 -0.1423
      outer loop
         vertex -2.0000 6.0300 3.7750
         vertex -4.0000 6.0300 3.7750
         vertex -4.0000 6.1801 3.2150
      endloop
   endfacet
   facet normal 0.0000 -0.9592 -0.2826
      outer loop
         vertex -2.0000 6.0300 3.7750
         vertex -4.0000 6.1801 3.2150
         vertex -2.0000 6.1801 3.2150
      endloop
   endfacet
   facet normal 0.0000 0.9870 -0.1607
      outer loop
         vertex -2.0000 6.3500 3.7750
         vertex -4.0000 6.3500 3.7750
         vertex -4.0000 6.4572 4.1750
      endloop
   endfacet
   facet normal 0.0000 0.9473 -0.3204
      outer loop
         vertex -2.0000 6.3500 3.7750
         vertex -4.0000 6.4572 4.1750
         vertex -2.0000 6.4572 4.1750
      endloop
   endfacet
   facet normal 0.0000 0.8869 0.4619
      outer loop
         vertex -4.0000 6.4572 3.3750
         vertex -2.0000 6.4572 3.3750
         vertex -2.0000 6.5149 3.2885
      endloop
   endfacet
   facet normal 0.0000 0.8604 0.5096
      outer loop
         vertex -4.0000 6.4572 3.3750
         vertex -2.0000 6.5149 3.2885
         vertex -4.0000 6.5149 3.2885
      endloop
   endfacet
   facet normal 0.0000 1.0000 0.0000
      outer loop
         vertex -4.5000 1.4600 -0.6000
         vertex -4.0000 1.4600 -0.6000
         vertex -4.0000 1.4600 -0.6130
      endloop
   endfacet
   facet normal 0.0000 1.0000 0.0000
      outer loop
         vertex -4.5000 1.4600 -0.6000
         vertex -4.0000 1.4600 -0.6130
         vertex 5.7700 1.4600 -1.8000
      endloop
   endfacet
   facet normal 0.0000 1.0000 0.0000
      outer loop
         vertex -4.5000 1.4600 -0.6000
         vertex 5.7700 1.4600 -1.8000
         vertex -5.7700 1.4600 -1.8000
      endloop
   endfacet
   facet normal 0.0000 1.0000 0.0000
      outer loop
         vertex -4.5000 1.4600 -0.6000
         vertex -5.7700 1.4600 -1.8000
         vertex -5.7700 1.4600 7.0500
      endloop
   endfacet
   facet normal 0.0000 1.0000 0.0000
      outer loop
         vertex -4.5000 1.4600 -0.6000
         vertex -5.7700 1.4600 7.0500
         vertex -4.5000 1.4600 5.9000
      endloop
   endfacet
   facet normal 0.0000 1.0000 0.0000
      outer loop
         vertex 2.0000 1.4600 -0.6130
         vertex 4.0000 1.4600 -0.6130
         vertex 5.7700 1.4600 -1.8000
      endloop
   endfacet
   facet normal 0.0000 1.0000 0.0000
      outer loop
         vertex 2.0000 1.4600 -0.6130
         vertex 5.7700 1.4600 -1.8000
         vertex -2.0000 1.4600 -0.6130
      endloop
   endfacet
   facet normal 0.0000 1.0000 0.0000
      outer loop
         vertex 2.0000 1.4600 -0.6130
         vertex -2.0000 1.4600 -0.6130
         vertex -2.0000 1.4600 -0.6000
      endloop
   endfacet
   facet normal 0.0000 1.0000 0.0000
      outer loop
         vertex 2.0000 1.4600 -0.6130
         vertex -2.0000 1.4600 -0.6000
         vertex -1.5000 1.4600 -0.6000
      endloop
   endfacet
   facet normal 0.0000 1.0000 0.0000
      outer loop
         vertex 2.0000 1.4600 -0.6130
         vertex -1.5000 1.4600 -0.6000
         vertex 1.5000 1.4600 -0.6000
      endloop
   endfacet
   facet normal 0.0000 1.0000 0.0000
      outer loop
         vertex 2.0000 1.4600 -0.6130
         vertex 1.5000 1.4600 -0.6000
         vertex 2.0000 1.4600 -0.6000
      endloop
   endfacet
   facet normal 0.0000 1.0000 0.0000
      outer loop
         vertex 1.5000 1.4600 -0.6000
         vertex -1.5000 1.4600 5.9000
         vertex 1.5000 1.4600 5.9000
      endloop
   endfacet
   facet normal 0.0000 1.0000 0.0000
      outer loop
         vertex 1.5000 1.4600 5.9000
         vertex -1.5000 1.4600 5.9000
         vertex -5.7700 1.4600 7.0500
      endloop
   endfacet
   facet normal 0.0000 1.0000 0.0000
      outer loop
         vertex 1.5000 1.4600 5.9000
         vertex -5.7700 1.4600 7.0500
         vertex 4.5000 1.4600 5.9000
      endloop
   endfacet
   facet normal 0.0000 1.0000 0.0000
      outer loop
         vertex 4.5000 1.4600 5.9000
         vertex -5.7700 1.4600 7.0500
         vertex 5.7700 1.4600 7.0500
      endloop
   endfacet
   facet normal 0.0000 1.0000 0.0000
      outer loop
         vertex 4.5000 1.4600 5.9000
         vertex 5.7700 1.4600 7.0500
         vertex 4.5000 1.4600 -0.6000
      endloop
   endfacet
   facet normal 0.0000 1.0000 0.0000
      outer loop
         vertex 4.5000 1.4600 -0.6000
         vertex 5.7700 1.4600 7.0500
         vertex 5.7700 1.4600 -1.8000
      endloop
   endfacet
   facet normal 0.0000 1.0000 0.0000
      outer loop
         vertex 4.5000 1.4600 -0.6000
         vertex 5.7700 1.4600 -1.8000
         vertex 4.0000 1.4600 -0.6130
      endloop
   endfacet
   facet normal 0.0000 1.0000 0.0000
      outer loop
         vertex -4.5000 1.4600 5.9000
         vertex -5.7700 1.4600 7.0500
         vertex -1.5000 1.4600 5.9000
      endloop
   endfacet
   facet normal 0.0000 1.0000 0.0000
      outer loop
         vertex -2.0000 1.4600 -0.6130
         vertex 5.7700 1.4600 -1.8000
         vertex -4.0000 1.4600 -0.6130
      endloop
   endfacet
   facet normal 0.0000 1.0000 0.0000
      outer loop
         vertex 4.5000 1.4600 -0.6000
         vertex 4.0000 1.4600 -0.6130
         vertex 4.0000 1.4600 -0.6000
      endloop
   endfacet
   facet normal 0.0000 1.0000 0.0000
      outer loop
         vertex -1.5000 1.4600 5.9000
         vertex 1.5000 1.4600 -0.6000
         vertex -1.5000 1.4600 -0.6000
      endloop
   endfacet
   facet normal -1.0000 0.0000 0.0000
      outer loop
         vertex -1.5000 1.1000 -0.6000
         vertex -1.5000 1.1000 5.9000
         vertex -1.5000 1.4600 5.9000
      endloop
   endfacet
   facet normal -1.0000 0.0000 0.0000
      outer loop
         vertex -1.5000 1.1000 -0.6000
         vertex -1.5000 1.4600 5.9000
         vertex -1.5000 1.4600 -0.6000
      endloop
   endfacet
   facet normal 0.0000 0.0000 -1.0000
      outer loop
         vertex -4.5000 1.4600 5.9000
         vertex -1.5000 1.4600 5.9000
         vertex -1.5000 1.1000 5.9000
      endloop
   endfacet
   facet normal 0.0000 0.0000 -1.0000
      outer loop
         vertex -4.5000 1.4600 5.9000
         vertex -1.5000 1.1000 5.9000
         vertex -4.5000 1.1000 5.9000
      endloop
   endfacet
   facet normal 0.0000 0.0000 1.0000
      outer loop
         vertex -4.0000 1.1400 -0.6000
         vertex -4.0000 1.4600 -0.6000
         vertex -4.5000 1.4600 -0.6000
      endloop
   endfacet
   facet normal 0.0000 0.0000 1.0000
      outer loop
         vertex -4.0000 1.1400 -0.6000
         vertex -4.5000 1.4600 -0.6000
         vertex -4.5000 1.1000 -0.6000
      endloop
   endfacet
   facet normal 0.0000 0.0000 1.0000
      outer loop
         vertex -4.0000 1.1400 -0.6000
         vertex -4.5000 1.1000 -0.6000
         vertex -1.5000 1.1000 -0.6000
      endloop
   endfacet
   facet normal 0.0000 0.0000 1.0000
      outer loop
         vertex -4.0000 1.1400 -0.6000
         vertex -1.5000 1.1000 -0.6000
         vertex -2.0000 1.1400 -0.6000
      endloop
   endfacet
   facet normal 0.0000 0.0000 1.0000
      outer loop
         vertex -2.0000 1.4600 -0.6000
         vertex -2.0000 1.1400 -0.6000
         vertex -1.5000 1.1000 -0.6000
      endloop
   endfacet
   facet normal 0.0000 0.0000 1.0000
      outer loop
         vertex -2.0000 1.4600 -0.6000
         vertex -1.5000 1.1000 -0.6000
         vertex -1.5000 1.4600 -0.6000
      endloop
   endfacet
   facet normal 1.0000 0.0000 0.0000
      outer loop
         vertex -2.0000 1.6900 3.7750
         vertex -2.0000 1.5828 3.3750
         vertex -2.0000 1.7601 3.0691
      endloop
   endfacet
   facet normal 1.0000 0.0000 0.0000
      outer loop
         vertex -2.0000 1.7601 3.0691
         vertex -2.0000 1.5828 3.3750
         vertex -2.0000 1.5251 3.2885
      endloop
   endfacet
   facet normal 1.0000 0.0000 0.0000
      outer loop
         vertex -2.0000 1.7601 3.0691
         vertex -2.0000 1.5251 3.2885
         vertex -2.0000 1.4600 -0.6000
      endloop
   endfacet
   facet normal 1.0000 0.0000 0.0000
      outer loop
         vertex -2.0000 1.4600 -0.6000
         vertex -2.0000 1.5251 3.2885
         vertex -2.0000 1.4488 3.1890
      endloop
   endfacet
   facet normal 1.0000 0.0000 0.0000
      outer loop
         vertex -2.0000 1.4600 -0.6000
         vertex -2.0000 1.4488 3.1890
         vertex -2.0000 1.1400 -0.6000
      endloop
   endfacet
   facet normal 1.0000 0.0000 0.0000
      outer loop
         vertex -2.0000 1.8599 4.3350
         vertex -2.0000 1.5907 4.6487
         vertex -2.0000 1.6900 3.7750
      endloop
   endfacet
   facet normal 1.0000 0.0000 0.0000
      outer loop
         vertex -2.0000 1.8599 4.3350
         vertex -2.0000 1.6900 3.7750
         vertex -2.0000 1.7601 3.0691
      endloop
   endfacet
   facet normal 1.0000 0.0000 0.0000
      outer loop
         vertex -2.0000 1.8599 4.3350
         vertex -2.0000 1.7601 3.0691
         vertex -2.0000 1.7791 3.0939
      endloop
   endfacet
   facet normal 1.0000 0.0000 0.0000
      outer loop
         vertex -2.0000 1.8599 4.3350
         vertex -2.0000 1.7791 3.0939
         vertex -2.0000 1.8599 3.2150
      endloop
   endfacet
   facet normal 1.0000 0.0000 0.0000
      outer loop
         vertex -2.0000 1.8599 4.3350
         vertex -2.0000 1.8599 3.2150
         vertex -2.0000 2.0100 3.7750
      endloop
   endfacet
   facet normal 1.0000 0.0000 0.0000
      outer loop
         vertex -2.0000 1.5907 4.6487
         vertex -2.0000 1.3402 4.8496
         vertex -2.0000 1.3905 4.3991
      endloop
   endfacet
   facet normal 1.0000 0.0000 0.0000
      outer loop
         vertex -2.0000 1.5907 4.6487
         vertex -2.0000 1.3905 4.3991
         vertex -2.0000 1.5828 4.1750
      endloop
   endfacet
   facet normal 1.0000 0.0000 0.0000
      outer loop
         vertex -2.0000 1.5907 4.6487
         vertex -2.0000 1.5828 4.1750
         vertex -2.0000 1.6900 3.7750
      endloop
   endfacet
   facet normal 1.0000 0.0000 0.0000
      outer loop
         vertex -2.0000 1.7601 3.0691
         vertex -2.0000 1.4600 -0.6000
         vertex -2.0000 1.4600 -0.6130
      endloop
   endfacet
   facet normal 1.0000 0.0000 0.0000
      outer loop
         vertex -2.0000 1.3905 4.3991
         vertex -2.0000 1.3402 4.8496
         vertex -2.0000 1.1400 4.6000
      endloop
   endfacet
   facet normal 0.0000 -0.9967 0.0812
      outer loop
         vertex -4.0000 1.4488 3.1890
         vertex -4.0000 1.1400 -0.6000
         vertex -2.0000 1.1400 -0.6000
      endloop
   endfacet
   facet normal 0.0000 -0.9967 0.0812
      outer loop
         vertex -4.0000 1.4488 3.1890
         vertex -2.0000 1.1400 -0.6000
         vertex -2.0000 1.4488 3.1890
      endloop
   endfacet
   facet normal 0.0000 -0.6256 -0.7801
      outer loop
         vertex -2.0000 1.1400 4.6000
         vertex -4.0000 1.1400 4.6000
         vertex -4.0000 1.3905 4.3991
      endloop
   endfacet
   facet normal 0.0000 -0.6256 -0.7801
      outer loop
         vertex -2.0000 1.1400 4.6000
         vertex -4.0000 1.3905 4.3991
         vertex -2.0000 1.3905 4.3991
      endloop
   endfacet
   facet normal 0.0000 0.6256 0.7801
      outer loop
         vertex -2.0000 1.3402 4.8496
         vertex -2.0000 1.5907 4.6487
         vertex -4.0000 1.5907 4.6487
      endloop
   endfacet
   facet normal 0.0000 0.6256 0.7801
      outer loop
         vertex -2.0000 1.3402 4.8496
         vertex -4.0000 1.5907 4.6487
         vertex -4.0000 1.3402 4.8496
      endloop
   endfacet
   facet normal 0.0000 -0.7801 0.6256
      outer loop
         vertex -2.0000 1.3402 4.8496
         vertex -4.0000 1.3402 4.8496
         vertex -4.0000 1.1400 4.6000
      endloop
   endfacet
   facet normal 0.0000 -0.7801 0.6256
      outer loop
         vertex -2.0000 1.3402 4.8496
         vertex -4.0000 1.1400 4.6000
         vertex -2.0000 1.1400 4.6000
      endloop
   endfacet
   facet normal 0.0000 -0.7938 0.6081
      outer loop
         vertex -2.0000 1.4488 3.1890
         vertex -2.0000 1.5251 3.2885
         vertex -4.0000 1.5251 3.2885
      endloop
   endfacet
   facet normal 0.0000 -0.7938 0.6081
      outer loop
         vertex -2.0000 1.4488 3.1890
         vertex -4.0000 1.5251 3.2885
         vertex -4.0000 1.4488 3.1890
      endloop
   endfacet
   facet normal 0.0000 -0.8466 -0.5322
      outer loop
         vertex -4.0000 1.5828 4.1750
         vertex -2.0000 1.5828 4.1750
         vertex -2.0000 1.3905 4.3991
      endloop
   endfacet
   facet normal 0.0000 -0.8045 -0.5940
      outer loop
         vertex -4.0000 1.5828 4.1750
         vertex -2.0000 1.3905 4.3991
         vertex -4.0000 1.3905 4.3991
      endloop
   endfacet
   facet normal 0.0000 -0.9592 0.2826
      outer loop
         vertex -4.0000 1.5828 3.3750
         vertex -2.0000 1.5828 3.3750
         vertex -2.0000 1.6900 3.7750
      endloop
   endfacet
   facet normal 0.0000 -0.9898 0.1423
      outer loop
         vertex -4.0000 1.5828 3.3750
         vertex -2.0000 1.6900 3.7750
         vertex -4.0000 1.6900 3.7750
      endloop
   endfacet
   facet normal 0.0000 0.9967 -0.0812
      outer loop
         vertex -2.0000 1.4600 -0.6130
         vertex -4.0000 1.4600 -0.6130
         vertex -4.0000 1.7601 3.0691
      endloop
   endfacet
   facet normal 0.0000 0.9967 -0.0812
      outer loop
         vertex -2.0000 1.4600 -0.6130
         vertex -4.0000 1.7601 3.0691
         vertex -2.0000 1.7601 3.0691
      endloop
   endfacet
   facet normal 0.0000 0.8466 0.5322
      outer loop
         vertex -2.0000 1.8599 4.3350
         vertex -4.0000 1.8599 4.3350
         vertex -4.0000 1.5907 4.6487
      endloop
   endfacet
   facet normal 0.0000 0.8045 0.5940
      outer loop
         vertex -2.0000 1.8599 4.3350
         vertex -4.0000 1.5907 4.6487
         vertex -2.0000 1.5907 4.6487
      endloop
   endfacet
   facet normal 0.0000 0.9473 0.3204
      outer loop
         vertex -4.0000 1.8599 4.3350
         vertex -2.0000 1.8599 4.3350
         vertex -2.0000 2.0100 3.7750
      endloop
   endfacet
   facet normal 0.0000 0.9870 0.1607
      outer loop
         vertex -4.0000 1.8599 4.3350
         vertex -2.0000 2.0100 3.7750
         vertex -4.0000 2.0100 3.7750
      endloop
   endfacet
   facet normal 0.0000 0.9592 -0.2826
      outer loop
         vertex -2.0000 1.8599 3.2150
         vertex -4.0000 1.8599 3.2150
         vertex -4.0000 2.0100 3.7750
      endloop
   endfacet
   facet normal 0.0000 0.9898 -0.1423
      outer loop
         vertex -2.0000 1.8599 3.2150
         vertex -4.0000 2.0100 3.7750
         vertex -2.0000 2.0100 3.7750
      endloop
   endfacet
   facet normal 0.0000 0.8869 -0.4619
      outer loop
         vertex -4.0000 1.8599 3.2150
         vertex -2.0000 1.8599 3.2150
         vertex -2.0000 1.7791 3.0939
      endloop
   endfacet
   facet normal 0.0000 0.8604 -0.5096
      outer loop
         vertex -4.0000 1.8599 3.2150
         vertex -2.0000 1.7791 3.0939
         vertex -4.0000 1.7791 3.0939
      endloop
   endfacet
   facet normal 0.0000 0.7938 -0.6081
      outer loop
         vertex -4.0000 1.7791 3.0939
         vertex -2.0000 1.7791 3.0939
         vertex -2.0000 1.7601 3.0691
      endloop
   endfacet
   facet normal 0.0000 0.7938 -0.6081
      outer loop
         vertex -4.0000 1.7791 3.0939
         vertex -2.0000 1.7601 3.0691
         vertex -4.0000 1.7601 3.0691
      endloop
   endfacet
   facet normal 0.0000 -0.8869 0.4619
      outer loop
         vertex -2.0000 1.5828 3.3750
         vertex -4.0000 1.5828 3.3750
         vertex -4.0000 1.5251 3.2885
      endloop
   endfacet
   facet normal 0.0000 -0.8604 0.5096
      outer loop
         vertex -2.0000 1.5828 3.3750
         vertex -4.0000 1.5251 3.2885
         vertex -2.0000 1.5251 3.2885
      endloop
   endfacet
   facet normal 0.0000 -0.9870 -0.1607
      outer loop
         vertex -4.0000 1.6900 3.7750
         vertex -2.0000 1.6900 3.7750
         vertex -2.0000 1.5828 4.1750
      endloop
   endfacet
   facet normal 0.0000 -0.9473 -0.3204
      outer loop
         vertex -4.0000 1.6900 3.7750
         vertex -2.0000 1.5828 4.1750
         vertex -4.0000 1.5828 4.1750
      endloop
   endfacet
   facet normal -1.0000 0.0000 0.0000
      outer loop
         vertex -1.2000 0.0000 -1.8100
         vertex -1.2000 0.0000 1.2900
         vertex -1.2000 1.1000 1.2900
      endloop
   endfacet
   facet normal -1.0000 0.0000 0.0000
      outer loop
         vertex -1.2000 0.0000 -1.8100
         vertex -1.2000 1.1000 1.2900
         vertex -1.2000 1.1000 -1.8100
      endloop
   endfacet
   facet normal 1.0000 0.0000 0.0000
      outer loop
         vertex -1.7500 0.0000 -1.8100
         vertex -1.7500 -0.1800 -1.8100
         vertex -1.7500 -0.1800 -7.0500
      endloop
   endfacet
   facet normal 1.0000 0.0000 0.0000
      outer loop
         vertex -1.7500 0.0000 -1.8100
         vertex -1.7500 -0.1800 -7.0500
         vertex -1.7500 0.0000 -7.0500
      endloop
   endfacet
   facet normal 0.0000 -1.0000 0.0000
      outer loop
         vertex -2.2500 0.0000 -1.8100
         vertex -5.1000 0.0000 -1.8100
         vertex -5.1000 0.0000 -7.0500
      endloop
   endfacet
   facet normal 0.0000 -1.0000 0.0000
      outer loop
         vertex -2.2500 0.0000 -1.8100
         vertex -5.1000 0.0000 -7.0500
         vertex -2.2500 0.0000 -7.0500
      endloop
   endfacet
   facet normal 1.0000 0.0000 0.0000
      outer loop
         vertex -4.5000 6.5800 5.9000
         vertex -4.5000 6.5800 -0.6000
         vertex -4.5000 6.9000 -0.6000
      endloop
   endfacet
   facet normal 1.0000 0.0000 0.0000
      outer loop
         vertex -4.5000 6.5800 5.9000
         vertex -4.5000 6.9000 -0.6000
         vertex -4.5000 6.9000 5.9000
      endloop
   endfacet
   facet normal 0.0000 0.0000 1.0000
      outer loop
         vertex -4.5000 6.9000 -0.6000
         vertex -4.5000 6.5800 -0.6000
         vertex -4.0000 6.5800 -0.6000
      endloop
   endfacet
   facet normal 0.0000 0.0000 1.0000
      outer loop
         vertex -4.5000 6.9000 -0.6000
         vertex -4.0000 6.5800 -0.6000
         vertex -4.0000 6.9000 -0.6000
      endloop
   endfacet
   facet normal -1.0000 0.0000 0.0000
      outer loop
         vertex -4.0000 6.3500 3.7750
         vertex -4.0000 6.4572 3.3750
         vertex -4.0000 6.5800 -0.6130
      endloop
   endfacet
   facet normal -1.0000 0.0000 0.0000
      outer loop
         vertex -4.0000 6.5800 -0.6130
         vertex -4.0000 6.4572 3.3750
         vertex -4.0000 6.5149 3.2885
      endloop
   endfacet
   facet normal -1.0000 0.0000 0.0000
      outer loop
         vertex -4.0000 6.5800 -0.6130
         vertex -4.0000 6.5149 3.2885
         vertex -4.0000 6.5800 -0.6000
      endloop
   endfacet
   facet normal -1.0000 0.0000 0.0000
      outer loop
         vertex -4.0000 6.5800 -0.6000
         vertex -4.0000 6.5149 3.2885
         vertex -4.0000 6.5912 3.1890
      endloop
   endfacet
   facet normal -1.0000 0.0000 0.0000
      outer loop
         vertex -4.0000 6.5800 -0.6000
         vertex -4.0000 6.5912 3.1890
         vertex -4.0000 6.9000 -0.6000
      endloop
   endfacet
   facet normal -1.0000 0.0000 0.0000
      outer loop
         vertex -4.0000 6.0300 3.7750
         vertex -4.0000 6.1801 4.3350
         vertex -4.0000 6.1801 3.2150
      endloop
   endfacet
   facet normal -1.0000 0.0000 0.0000
      outer loop
         vertex -4.0000 6.1801 3.2150
         vertex -4.0000 6.1801 4.3350
         vertex -4.0000 6.4493 4.6487
      endloop
   endfacet
   facet normal -1.0000 0.0000 0.0000
      outer loop
         vertex -4.0000 6.1801 3.2150
         vertex -4.0000 6.4493 4.6487
         vertex -4.0000 6.2609 3.0939
      endloop
   endfacet
   facet normal -1.0000 0.0000 0.0000
      outer loop
         vertex -4.0000 6.2609 3.0939
         vertex -4.0000 6.4493 4.6487
         vertex -4.0000 6.3500 3.7750
      endloop
   endfacet
   facet normal -1.0000 0.0000 0.0000
      outer loop
         vertex -4.0000 6.2609 3.0939
         vertex -4.0000 6.3500 3.7750
         vertex -4.0000 6.2799 3.0691
      endloop
   endfacet
   facet normal -1.0000 0.0000 0.0000
      outer loop
         vertex -4.0000 6.2799 3.0691
         vertex -4.0000 6.3500 3.7750
         vertex -4.0000 6.5800 -0.6130
      endloop
   endfacet
   facet normal -1.0000 0.0000 0.0000
      outer loop
         vertex -4.0000 6.3500 3.7750
         vertex -4.0000 6.4493 4.6487
         vertex -4.0000 6.4572 4.1750
      endloop
   endfacet
   facet normal -1.0000 0.0000 0.0000
      outer loop
         vertex -4.0000 6.4572 4.1750
         vertex -4.0000 6.4493 4.6487
         vertex -4.0000 6.6998 4.8496
      endloop
   endfacet
   facet normal -1.0000 0.0000 0.0000
      outer loop
         vertex -4.0000 6.4572 4.1750
         vertex -4.0000 6.6998 4.8496
         vertex -4.0000 6.6495 4.3991
      endloop
   endfacet
   facet normal -1.0000 0.0000 0.0000
      outer loop
         vertex -4.0000 6.6495 4.3991
         vertex -4.0000 6.6998 4.8496
         vertex -4.0000 6.9000 4.6000
      endloop
   endfacet
   facet normal 1.0000 0.0000 0.0000
      outer loop
         vertex -4.5000 1.1000 5.9000
         vertex -4.5000 1.1000 -0.6000
         vertex -4.5000 1.4600 -0.6000
      endloop
   endfacet
   facet normal 1.0000 0.0000 0.0000
      outer loop
         vertex -4.5000 1.1000 5.9000
         vertex -4.5000 1.4600 -0.6000
         vertex -4.5000 1.4600 5.9000
      endloop
   endfacet
   facet normal -1.0000 0.0000 0.0000
      outer loop
         vertex -4.0000 1.7601 3.0691
         vertex -4.0000 1.4600 -0.6130
         vertex -4.0000 1.5251 3.2885
      endloop
   endfacet
   facet normal -1.0000 0.0000 0.0000
      outer loop
         vertex -4.0000 1.7601 3.0691
         vertex -4.0000 1.5251 3.2885
         vertex -4.0000 1.5828 3.3750
      endloop
   endfacet
   facet normal -1.0000 0.0000 0.0000
      outer loop
         vertex -4.0000 1.7601 3.0691
         vertex -4.0000 1.5828 3.3750
         vertex -4.0000 1.6900 3.7750
      endloop
   endfacet
   facet normal -1.0000 0.0000 0.0000
      outer loop
         vertex -4.0000 1.7601 3.0691
         vertex -4.0000 1.6900 3.7750
         vertex -4.0000 1.8599 4.3350
      endloop
   endfacet
   facet normal -1.0000 0.0000 0.0000
      outer loop
         vertex -4.0000 1.7601 3.0691
         vertex -4.0000 1.8599 4.3350
         vertex -4.0000 1.7791 3.0939
      endloop
   endfacet
   facet normal -1.0000 0.0000 0.0000
      outer loop
         vertex -4.0000 1.4600 -0.6000
         vertex -4.0000 1.1400 -0.6000
         vertex -4.0000 1.4488 3.1890
      endloop
   endfacet
   facet normal -1.0000 0.0000 0.0000
      outer loop
         vertex -4.0000 1.4600 -0.6000
         vertex -4.0000 1.4488 3.1890
         vertex -4.0000 1.5251 3.2885
      endloop
   endfacet
   facet normal -1.0000 0.0000 0.0000
      outer loop
         vertex -4.0000 1.4600 -0.6000
         vertex -4.0000 1.5251 3.2885
         vertex -4.0000 1.4600 -0.6130
      endloop
   endfacet
   facet normal -1.0000 0.0000 0.0000
      outer loop
         vertex -4.0000 1.8599 3.2150
         vertex -4.0000 1.7791 3.0939
         vertex -4.0000 1.8599 4.3350
      endloop
   endfacet
   facet normal -1.0000 0.0000 0.0000
      outer loop
         vertex -4.0000 1.8599 3.2150
         vertex -4.0000 1.8599 4.3350
         vertex -4.0000 2.0100 3.7750
      endloop
   endfacet
   facet normal -1.0000 0.0000 0.0000
      outer loop
         vertex -4.0000 1.5907 4.6487
         vertex -4.0000 1.8599 4.3350
         vertex -4.0000 1.6900 3.7750
      endloop
   endfacet
   facet normal -1.0000 0.0000 0.0000
      outer loop
         vertex -4.0000 1.5907 4.6487
         vertex -4.0000 1.6900 3.7750
         vertex -4.0000 1.5828 4.1750
      endloop
   endfacet
   facet normal -1.0000 0.0000 0.0000
      outer loop
         vertex -4.0000 1.5907 4.6487
         vertex -4.0000 1.5828 4.1750
         vertex -4.0000 1.3905 4.3991
      endloop
   endfacet
   facet normal -1.0000 0.0000 0.0000
      outer loop
         vertex -4.0000 1.5907 4.6487
         vertex -4.0000 1.3905 4.3991
         vertex -4.0000 1.3402 4.8496
      endloop
   endfacet
   facet normal -1.0000 0.0000 0.0000
      outer loop
         vertex -4.0000 1.3402 4.8496
         vertex -4.0000 1.3905 4.3991
         vertex -4.0000 1.1400 4.6000
      endloop
   endfacet
   facet normal 1.0000 0.0000 0.0000
      outer loop
         vertex -5.1000 0.0000 -1.8100
         vertex -5.1000 -0.1800 -1.8100
         vertex -5.1000 -0.1800 -7.0500
      endloop
   endfacet
   facet normal 1.0000 0.0000 0.0000
      outer loop
         vertex -5.1000 0.0000 -1.8100
         vertex -5.1000 -0.1800 -7.0500
         vertex -5.1000 0.0000 -7.0500
      endloop
   endfacet
   facet normal 1.0000 0.0000 0.0000
      outer loop
         vertex -6.2800 -0.1800 -4.1333
         vertex -6.2800 -0.1800 -7.0500
         vertex -6.2800 0.0000 -7.0500
      endloop
   endfacet
   facet normal 1.0000 0.0000 0.0000
      outer loop
         vertex -6.2800 -0.1800 -4.1333
         vertex -6.2800 0.0000 -7.0500
         vertex -6.2800 0.0000 -1.8100
      endloop
   endfacet
   facet normal 1.0000 0.0000 0.0000
      outer loop
         vertex -6.2800 -0.1800 -4.1333
         vertex -6.2800 0.0000 -1.8100
         vertex -6.2800 -0.1800 -1.8100
      endloop
   endfacet
   facet normal 1.0000 0.0000 0.0000
      outer loop
         vertex -6.2800 -0.1800 -4.1333
         vertex -6.2800 -0.1800 -2.5667
         vertex -6.2800 -0.3224 -2.5719
      endloop
   endfacet
   facet normal 1.0000 0.0000 0.0000
      outer loop
         vertex -6.2800 -0.1800 -4.1333
         vertex -6.2800 -0.3224 -2.5719
         vertex -6.2800 -0.3224 -4.1281
      endloop
   endfacet
   facet normal -1.0000 0.0000 0.0000
      outer loop
         vertex -6.6000 6.1000 -7.0500
         vertex -6.6000 -0.1800 -7.0500
         vertex -6.6000 1.9000 -1.8100
      endloop
   endfacet
   facet normal -1.0000 0.0000 0.0000
      outer loop
         vertex -6.6000 1.9000 -1.8100
         vertex -6.6000 -0.1800 -7.0500
         vertex -6.6000 -0.1800 -4.1333
      endloop
   endfacet
   facet normal -1.0000 0.0000 0.0000
      outer loop
         vertex -6.6000 1.9000 -1.8100
         vertex -6.6000 -0.1800 -4.1333
         vertex -6.6000 -0.1800 -2.5667
      endloop
   endfacet
   facet normal -1.0000 0.0000 0.0000
      outer loop
         vertex -6.6000 -0.1800 -2.5667
         vertex -6.6000 -0.1800 -4.1333
         vertex -6.6000 -0.2300 -4.1315
      endloop
   endfacet
   facet normal -1.0000 0.0000 0.0000
      outer loop
         vertex -6.6000 -0.1800 -2.5667
         vertex -6.6000 -0.2300 -4.1315
         vertex -6.6000 -0.2300 -2.5685
      endloop
   endfacet
   facet normal -1.0000 0.0000 0.0000
      outer loop
         vertex -6.6000 5.7400 6.7300
         vertex -6.6000 5.7400 7.0500
         vertex -6.6000 6.1000 7.0500
      endloop
   endfacet
   facet normal -1.0000 0.0000 0.0000
      outer loop
         vertex -6.6000 5.7400 6.7300
         vertex -6.6000 6.1000 7.0500
         vertex -6.6000 6.1000 -7.0500
      endloop
   endfacet
   facet normal -1.0000 0.0000 0.0000
      outer loop
         vertex -6.6000 5.7400 6.7300
         vertex -6.6000 6.1000 -7.0500
         vertex -6.6000 5.1900 -0.4000
      endloop
   endfacet
   facet normal -1.0000 0.0000 0.0000
      outer loop
         vertex -6.6000 5.7400 6.7300
         vertex -6.6000 5.1900 -0.4000
         vertex -6.6000 5.1900 5.2500
      endloop
   endfacet
   facet normal -1.0000 0.0000 0.0000
      outer loop
         vertex -6.6000 5.7400 6.7300
         vertex -6.6000 5.1900 5.2500
         vertex -6.6000 4.8750 5.2500
      endloop
   endfacet
   facet normal -1.0000 0.0000 0.0000
      outer loop
         vertex -6.6000 5.7400 6.7300
         vertex -6.6000 4.8750 5.2500
         vertex -6.6000 3.1250 5.2500
      endloop
   endfacet
   facet normal -1.0000 0.0000 0.0000
      outer loop
         vertex -6.6000 5.7400 6.7300
         vertex -6.6000 3.1250 5.2500
         vertex -6.6000 2.8100 5.2500
      endloop
   endfacet
   facet normal -1.0000 0.0000 0.0000
      outer loop
         vertex -6.6000 5.7400 6.7300
         vertex -6.6000 2.8100 5.2500
         vertex -6.6000 2.0000 6.7300
      endloop
   endfacet
   facet normal -1.0000 0.0000 0.0000
      outer loop
         vertex -6.6000 2.8100 -0.4000
         vertex -6.6000 5.1900 -0.4000
         vertex -6.6000 6.1000 -7.0500
      endloop
   endfacet
   facet normal -1.0000 0.0000 0.0000
      outer loop
         vertex -6.6000 2.8100 -0.4000
         vertex -6.6000 6.1000 -7.0500
         vertex -6.6000 1.9000 -1.8100
      endloop
   endfacet
   facet normal -1.0000 0.0000 0.0000
      outer loop
         vertex -6.6000 2.8100 -0.4000
         vertex -6.6000 1.9000 -1.8100
         vertex -6.6000 2.0000 6.7300
      endloop
   endfacet
   facet normal -1.0000 0.0000 0.0000
      outer loop
         vertex -6.6000 2.8100 -0.4000
         vertex -6.6000 2.0000 6.7300
         vertex -6.6000 2.8100 5.2500
      endloop
   endfacet
   facet normal -1.0000 0.0000 0.0000
      outer loop
         vertex -6.6000 1.9000 -1.8100
         vertex -6.6000 1.9000 7.0500
         vertex -6.6000 2.0000 7.0500
      endloop
   endfacet
   facet normal -1.0000 0.0000 0.0000
      outer loop
         vertex -6.6000 1.9000 -1.8100
         vertex -6.6000 2.0000 7.0500
         vertex -6.6000 2.0000 6.7300
      endloop
   endfacet
   facet normal -1.0000 0.0000 0.0000
      outer loop
         vertex -6.6000 1.9000 -1.8100
         vertex -6.6000 -0.1800 -2.5667
         vertex -6.6000 -0.1800 -1.8100
      endloop
   endfacet
   facet normal -0.9405 0.3399 0.0000
      outer loop
         vertex -6.6000 6.1000 -7.0500
         vertex -6.6000 6.1000 7.0500
         vertex -6.4928 6.5000 7.0500
      endloop
   endfacet
   facet normal -0.9071 0.4210 0.0000
      outer loop
         vertex -6.6000 6.1000 -7.0500
         vertex -6.4928 6.5000 7.0500
         vertex -6.4928 6.5000 -7.0500
      endloop
   endfacet
   facet normal -0.7672 0.6414 0.0000
      outer loop
         vertex -6.2000 6.7928 -7.0500
         vertex -6.4928 6.5000 -7.0500
         vertex -6.4928 6.5000 7.0500
      endloop
   endfacet
   facet normal -0.6414 0.7672 0.0000
      outer loop
         vertex -6.2000 6.7928 -7.0500
         vertex -6.4928 6.5000 7.0500
         vertex -6.2000 6.7928 7.0500
      endloop
   endfacet
   facet normal 0.0000 0.0000 1.0000
      outer loop
         vertex -1.2000 1.1000 -1.8100
         vertex -5.8000 1.1000 -1.8100
         vertex -5.6000 0.0000 -1.8100
      endloop
   endfacet
   facet normal 0.0000 0.0000 1.0000
      outer loop
         vertex -1.2000 1.1000 -1.8100
         vertex -5.6000 0.0000 -1.8100
         vertex -5.1000 0.0000 -1.8100
      endloop
   endfacet
   facet normal 0.0000 0.0000 1.0000
      outer loop
         vertex -1.2000 1.1000 -1.8100
         vertex -5.1000 0.0000 -1.8100
         vertex -2.2500 0.0000 -1.8100
      endloop
   endfacet
   facet normal 0.0000 0.0000 1.0000
      outer loop
         vertex -1.2000 1.1000 -1.8100
         vertex -2.2500 0.0000 -1.8100
         vertex -1.7500 0.0000 -1.8100
      endloop
   endfacet
   facet normal 0.0000 0.0000 1.0000
      outer loop
         vertex -1.2000 1.1000 -1.8100
         vertex -1.7500 0.0000 -1.8100
         vertex -1.2000 0.0000 -1.8100
      endloop
   endfacet
   facet normal 0.0000 0.0000 1.0000
      outer loop
         vertex -2.2500 0.0000 -1.8100
         vertex -2.2500 -0.1800 -1.8100
         vertex -1.7500 -0.1800 -1.8100
      endloop
   endfacet
   facet normal 0.0000 0.0000 1.0000
      outer loop
         vertex -2.2500 0.0000 -1.8100
         vertex -1.7500 -0.1800 -1.8100
         vertex -1.7500 0.0000 -1.8100
      endloop
   endfacet
   facet normal 0.0000 0.0000 1.0000
      outer loop
         vertex -5.6000 0.0000 -1.8100
         vertex -5.6000 -0.1800 -1.8100
         vertex -5.1000 -0.1800 -1.8100
      endloop
   endfacet
   facet normal 0.0000 0.0000 1.0000
      outer loop
         vertex -5.6000 0.0000 -1.8100
         vertex -5.1000 -0.1800 -1.8100
         vertex -5.1000 0.0000 -1.8100
      endloop
   endfacet
   facet normal 0.0000 0.0000 1.0000
      outer loop
         vertex -6.6000 1.9000 -1.8100
         vertex -6.2800 -0.1800 -1.8100
         vertex -6.4928 1.5000 -1.8100
      endloop
   endfacet
   facet normal 0.0000 0.0000 1.0000
      outer loop
         vertex -6.4928 1.5000 -1.8100
         vertex -6.2800 -0.1800 -1.8100
         vertex -6.2800 0.0000 -1.8100
      endloop
   endfacet
   facet normal 0.0000 0.0000 1.0000
      outer loop
         vertex -6.4928 1.5000 -1.8100
         vertex -6.2800 0.0000 -1.8100
         vertex -6.2000 1.2072 -1.8100
      endloop
   endfacet
   facet normal 0.0000 0.0000 1.0000
      outer loop
         vertex -6.2000 1.2072 -1.8100
         vertex -6.2800 0.0000 -1.8100
         vertex -5.6000 0.0000 -1.8100
      endloop
   endfacet
   facet normal 0.0000 0.0000 1.0000
      outer loop
         vertex -6.2000 1.2072 -1.8100
         vertex -5.6000 0.0000 -1.8100
         vertex -5.8000 1.1000 -1.8100
      endloop
   endfacet
   facet normal 0.0000 0.0000 1.0000
      outer loop
         vertex -6.2800 -0.1800 -1.8100
         vertex -6.6000 1.9000 -1.8100
         vertex -6.6000 -0.1800 -1.8100
      endloop
   endfacet
   facet normal -0.9405 -0.3399 0.0000
      outer loop
         vertex -6.6000 1.9000 7.0500
         vertex -6.6000 1.9000 -1.8100
         vertex -6.4928 1.5000 -1.8100
      endloop
   endfacet
   facet normal -0.9071 -0.4210 0.0000
      outer loop
         vertex -6.6000 1.9000 7.0500
         vertex -6.4928 1.5000 -1.8100
         vertex -6.4928 1.5000 7.0500
      endloop
   endfacet
   facet normal -0.7672 -0.6414 0.0000
      outer loop
         vertex -6.2000 1.2072 7.0500
         vertex -6.4928 1.5000 7.0500
         vertex -6.4928 1.5000 -1.8100
      endloop
   endfacet
   facet normal -0.6414 -0.7672 0.0000
      outer loop
         vertex -6.2000 1.2072 7.0500
         vertex -6.4928 1.5000 -1.8100
         vertex -6.2000 1.2072 -1.8100
      endloop
   endfacet
   facet normal 0.0000 1.0000 0.0000
      outer loop
         vertex -6.6000 2.8100 5.2500
         vertex -6.2500 2.8100 5.2500
         vertex -6.2500 2.8100 -0.4000
      endloop
   endfacet
   facet normal 0.0000 1.0000 0.0000
      outer loop
         vertex -6.6000 2.8100 5.2500
         vertex -6.2500 2.8100 -0.4000
         vertex -6.6000 2.8100 -0.4000
      endloop
   endfacet
   facet normal 0.0000 -1.0000 0.0000
      outer loop
         vertex -6.6000 5.1900 -0.4000
         vertex -6.2500 5.1900 -0.4000
         vertex -6.2500 5.1900 5.2500
      endloop
   endfacet
   facet normal 0.0000 -1.0000 0.0000
      outer loop
         vertex -6.6000 5.1900 -0.4000
         vertex -6.2500 5.1900 5.2500
         vertex -6.6000 5.1900 5.2500
      endloop
   endfacet
   facet normal 0.0000 0.0000 1.0000
      outer loop
         vertex -6.6000 2.8100 -0.4000
         vertex -6.2500 2.8100 -0.4000
         vertex -6.2500 5.1900 -0.4000
      endloop
   endfacet
   facet normal 0.0000 0.0000 1.0000
      outer loop
         vertex -6.6000 2.8100 -0.4000
         vertex -6.2500 5.1900 -0.4000
         vertex -6.6000 5.1900 -0.4000
      endloop
   endfacet
   facet normal 0.0000 -1.0000 0.0000
      outer loop
         vertex -5.8746 3.1250 1.6985
         vertex -6.2779 3.1250 5.2500
         vertex -6.6000 3.1250 5.2500
      endloop
   endfacet
   facet normal 0.0000 -1.0000 0.0000
      outer loop
         vertex -5.8746 3.1250 1.6985
         vertex -6.6000 3.1250 5.2500
         vertex -6.1928 3.1250 1.6648
      endloop
   endfacet
   facet normal 0.0000 -1.0000 0.0000
      outer loop
         vertex -5.8746 3.1250 1.6985
         vertex -6.1928 3.1250 1.6648
         vertex -6.1751 3.1250 1.2745
      endloop
   endfacet
   facet normal 0.0000 -1.0000 0.0000
      outer loop
         vertex -5.8746 3.1250 1.6985
         vertex -6.1751 3.1250 1.2745
         vertex -5.8551 3.1250 1.2736
      endloop
   endfacet
   facet normal 0.0000 -1.0000 0.0000
      outer loop
         vertex -6.1981 3.1250 0.8844
         vertex -6.2800 3.1250 0.1500
         vertex -5.8801 3.1250 0.8489
      endloop
   endfacet
   facet normal 0.0000 -1.0000 0.0000
      outer loop
         vertex -6.1981 3.1250 0.8844
         vertex -5.8801 3.1250 0.8489
         vertex -5.8551 3.1250 1.2736
      endloop
   endfacet
   facet normal 0.0000 -1.0000 0.0000
      outer loop
         vertex -6.1981 3.1250 0.8844
         vertex -5.8551 3.1250 1.2736
         vertex -6.1751 3.1250 1.2745
      endloop
   endfacet
   facet normal 0.0000 -1.0000 0.0000
      outer loop
         vertex -5.8801 3.1250 0.8489
         vertex -6.2800 3.1250 0.1500
         vertex -5.9620 3.1250 0.1145
      endloop
   endfacet
   facet normal 0.0000 1.0000 0.0000
      outer loop
         vertex -5.9620 4.8750 0.1145
         vertex -6.2800 4.8750 0.1500
         vertex -6.1981 4.8750 0.8844
      endloop
   endfacet
   facet normal 0.0000 1.0000 0.0000
      outer loop
         vertex -5.9620 4.8750 0.1145
         vertex -6.1981 4.8750 0.8844
         vertex -6.1751 4.8750 1.2745
      endloop
   endfacet
   facet normal 0.0000 1.0000 0.0000
      outer loop
         vertex -5.9620 4.8750 0.1145
         vertex -6.1751 4.8750 1.2745
         vertex -6.1928 4.8750 1.6648
      endloop
   endfacet
   facet normal 0.0000 1.0000 0.0000
      outer loop
         vertex -5.9620 4.8750 0.1145
         vertex -6.1928 4.8750 1.6648
         vertex -6.6000 4.8750 5.2500
      endloop
   endfacet
   facet normal 0.0000 1.0000 0.0000
      outer loop
         vertex -5.9620 4.8750 0.1145
         vertex -6.6000 4.8750 5.2500
         vertex -6.2779 4.8750 5.2500
      endloop
   endfacet
   facet normal 0.0000 1.0000 0.0000
      outer loop
         vertex -5.9620 4.8750 0.1145
         vertex -6.2779 4.8750 5.2500
         vertex -5.8746 4.8750 1.6985
      endloop
   endfacet
   facet normal 0.0000 1.0000 0.0000
      outer loop
         vertex -5.9620 4.8750 0.1145
         vertex -5.8746 4.8750 1.6985
         vertex -5.8551 4.8750 1.2736
      endloop
   endfacet
   facet normal 0.0000 1.0000 0.0000
      outer loop
         vertex -5.9620 4.8750 0.1145
         vertex -5.8551 4.8750 1.2736
         vertex -5.8801 4.8750 0.8489
      endloop
   endfacet
   facet normal -0.9936 0.0000 -0.1129
      outer loop
         vertex -6.1928 3.1250 1.6648
         vertex -6.6000 3.1250 5.2500
         vertex -6.6000 4.8750 5.2500
      endloop
   endfacet
   facet normal -0.9936 0.0000 -0.1129
      outer loop
         vertex -6.1928 3.1250 1.6648
         vertex -6.6000 4.8750 5.2500
         vertex -6.1928 4.8750 1.6648
      endloop
   endfacet
   facet normal 0.0000 0.0000 -1.0000
      outer loop
         vertex -6.6000 5.7400 6.7300
         vertex -6.6000 2.0000 6.7300
         vertex -7.3000 2.0000 6.7300
      endloop
   endfacet
   facet normal 0.0000 0.0000 -1.0000
      outer loop
         vertex -6.6000 5.7400 6.7300
         vertex -7.3000 2.0000 6.7300
         vertex -7.3000 5.7400 6.7300
      endloop
   endfacet
   facet normal 0.0000 -1.0000 0.0000
      outer loop
         vertex -6.6000 2.0000 7.0500
         vertex -7.3000 2.0000 7.0500
         vertex -7.3000 2.0000 6.7300
      endloop
   endfacet
   facet normal 0.0000 -1.0000 0.0000
      outer loop
         vertex -6.6000 2.0000 7.0500
         vertex -7.3000 2.0000 6.7300
         vertex -6.6000 2.0000 6.7300
      endloop
   endfacet
   facet normal 0.0000 1.0000 0.0000
      outer loop
         vertex -6.6000 5.7400 6.7300
         vertex -7.3000 5.7400 6.7300
         vertex -7.3000 5.7400 7.0500
      endloop
   endfacet
   facet normal 0.0000 1.0000 0.0000
      outer loop
         vertex -6.6000 5.7400 6.7300
         vertex -7.3000 5.7400 7.0500
         vertex -6.6000 5.7400 7.0500
      endloop
   endfacet
   facet normal -1.0000 0.0000 0.0000
      outer loop
         vertex -7.3000 5.7400 6.7300
         vertex -7.3000 2.0000 6.7300
         vertex -7.3000 2.0000 7.0500
      endloop
   endfacet
   facet normal -1.0000 0.0000 0.0000
      outer loop
         vertex -7.3000 5.7400 6.7300
         vertex -7.3000 2.0000 7.0500
         vertex -7.3000 5.7400 7.0500
      endloop
   endfacet
   facet normal -0.3399 0.9405 0.0000
      outer loop
         vertex -5.8000 6.9000 7.0500
         vertex -5.8000 6.9000 -7.0500
         vertex -6.2000 6.7928 -7.0500
      endloop
   endfacet
   facet normal -0.4210 0.9071 0.0000
      outer loop
         vertex -5.8000 6.9000 7.0500
         vertex -6.2000 6.7928 -7.0500
         vertex -6.2000 6.7928 7.0500
      endloop
   endfacet
   facet normal 0.0000 1.0000 0.0000
      outer loop
         vertex -4.0000 6.9000 -0.6000
         vertex -2.0000 6.9000 -0.6000
         vertex 5.8000 6.9000 -7.0500
      endloop
   endfacet
   facet normal 0.0000 1.0000 0.0000
      outer loop
         vertex 5.8000 6.9000 -7.0500
         vertex -2.0000 6.9000 -0.6000
         vertex -1.5000 6.9000 -0.6000
      endloop
   endfacet
   facet normal 0.0000 1.0000 0.0000
      outer loop
         vertex 5.8000 6.9000 -7.0500
         vertex -1.5000 6.9000 -0.6000
         vertex 1.5000 6.9000 -0.6000
      endloop
   endfacet
   facet normal 0.0000 1.0000 0.0000
      outer loop
         vertex 1.5000 6.9000 -0.6000
         vertex -1.5000 6.9000 -0.6000
         vertex -1.5000 6.9000 5.9000
      endloop
   endfacet
   facet normal 0.0000 1.0000 0.0000
      outer loop
         vertex 1.5000 6.9000 -0.6000
         vertex -1.5000 6.9000 5.9000
         vertex 1.5000 6.9000 5.9000
      endloop
   endfacet
   facet normal 0.0000 1.0000 0.0000
      outer loop
         vertex 1.5000 6.9000 5.9000
         vertex -1.5000 6.9000 5.9000
         vertex -5.6100 6.9000 6.7300
      endloop
   endfacet
   facet normal 0.0000 1.0000 0.0000
      outer loop
         vertex 1.5000 6.9000 5.9000
         vertex -5.6100 6.9000 6.7300
         vertex 4.5000 6.9000 5.9000
      endloop
   endfacet
   facet normal 0.0000 1.0000 0.0000
      outer loop
         vertex 4.5000 6.9000 5.9000
         vertex -5.6100 6.9000 6.7300
         vertex 5.6100 6.9000 6.7300
      endloop
   endfacet
   facet normal 0.0000 1.0000 0.0000
      outer loop
         vertex 4.5000 6.9000 5.9000
         vertex 5.6100 6.9000 6.7300
         vertex 4.5000 6.9000 -0.6000
      endloop
   endfacet
   facet normal 0.0000 1.0000 0.0000
      outer loop
         vertex 4.5000 6.9000 -0.6000
         vertex 5.6100 6.9000 6.7300
         vertex 5.8000 6.9000 7.0500
      endloop
   endfacet
   facet normal 0.0000 1.0000 0.0000
      outer loop
         vertex 4.5000 6.9000 -0.6000
         vertex 5.8000 6.9000 7.0500
         vertex 5.8000 6.9000 -7.0500
      endloop
   endfacet
   facet normal 0.0000 1.0000 0.0000
      outer loop
         vertex -4.5000 6.9000 -0.6000
         vertex -4.0000 6.9000 -0.6000
         vertex 5.8000 6.9000 -7.0500
      endloop
   endfacet
   facet normal 0.0000 1.0000 0.0000
      outer loop
         vertex -4.5000 6.9000 -0.6000
         vertex 5.8000 6.9000 -7.0500
         vertex -5.8000 6.9000 -7.0500
      endloop
   endfacet
   facet normal 0.0000 1.0000 0.0000
      outer loop
         vertex -4.5000 6.9000 -0.6000
         vertex -5.8000 6.9000 -7.0500
         vertex -5.8000 6.9000 7.0500
      endloop
   endfacet
   facet normal 0.0000 1.0000 0.0000
      outer loop
         vertex -4.5000 6.9000 -0.6000
         vertex -5.8000 6.9000 7.0500
         vertex -5.6100 6.9000 6.7300
      endloop
   endfacet
   facet normal 0.0000 1.0000 0.0000
      outer loop
         vertex -4.5000 6.9000 -0.6000
         vertex -5.6100 6.9000 6.7300
         vertex -4.5000 6.9000 5.9000
      endloop
   endfacet
   facet normal 0.0000 1.0000 0.0000
      outer loop
         vertex 5.8000 6.9000 -7.0500
         vertex 1.5000 6.9000 -0.6000
         vertex 2.0000 6.9000 -0.6000
      endloop
   endfacet
   facet normal 0.0000 1.0000 0.0000
      outer loop
         vertex 5.8000 6.9000 -7.0500
         vertex 2.0000 6.9000 -0.6000
         vertex 4.0000 6.9000 -0.6000
      endloop
   endfacet
   facet normal 0.0000 1.0000 0.0000
      outer loop
         vertex 5.8000 6.9000 -7.0500
         vertex 4.0000 6.9000 -0.6000
         vertex 4.5000 6.9000 -0.6000
      endloop
   endfacet
   facet normal 0.0000 1.0000 0.0000
      outer loop
         vertex -4.5000 6.9000 5.9000
         vertex -5.6100 6.9000 6.7300
         vertex -1.5000 6.9000 5.9000
      endloop
   endfacet
   facet normal 0.0000 1.0000 0.0000
      outer loop
         vertex -5.6100 6.9000 6.7300
         vertex -5.8000 6.9000 7.0500
         vertex -5.6100 6.9000 7.0500
      endloop
   endfacet
   facet normal 0.0000 1.0000 0.0000
      outer loop
         vertex 5.8000 6.9000 7.0500
         vertex 5.6100 6.9000 6.7300
         vertex 5.6100 6.9000 7.0500
      endloop
   endfacet
   facet normal 0.0000 -1.0000 0.0000
      outer loop
         vertex -5.6000 0.0000 -1.8100
         vertex -6.2800 0.0000 -1.8100
         vertex -6.2800 0.0000 -7.0500
      endloop
   endfacet
   facet normal 0.0000 -1.0000 0.0000
      outer loop
         vertex -5.6000 0.0000 -1.8100
         vertex -6.2800 0.0000 -7.0500
         vertex -5.6000 0.0000 -7.0500
      endloop
   endfacet
   facet normal 0.0000 -1.0000 0.0000
      outer loop
         vertex -1.2000 1.1000 -1.8100
         vertex -1.5000 1.1000 -0.6000
         vertex -5.8000 1.1000 -1.8100
      endloop
   endfacet
   facet normal 0.0000 -1.0000 0.0000
      outer loop
         vertex -5.8000 1.1000 -1.8100
         vertex -1.5000 1.1000 -0.6000
         vertex -4.5000 1.1000 -0.6000
      endloop
   endfacet
   facet normal 0.0000 -1.0000 0.0000
      outer loop
         vertex -5.8000 1.1000 -1.8100
         vertex -4.5000 1.1000 -0.6000
         vertex -5.8000 1.1000 7.0500
      endloop
   endfacet
   facet normal 0.0000 -1.0000 0.0000
      outer loop
         vertex -5.8000 1.1000 7.0500
         vertex -4.5000 1.1000 -0.6000
         vertex -5.6100 1.1000 6.7300
      endloop
   endfacet
   facet normal 0.0000 -1.0000 0.0000
      outer loop
         vertex -5.8000 1.1000 7.0500
         vertex -5.6100 1.1000 6.7300
         vertex -5.6100 1.1000 7.0500
      endloop
   endfacet
   facet normal 0.0000 -1.0000 0.0000
      outer loop
         vertex -5.6100 1.1000 6.7300
         vertex -4.5000 1.1000 5.9000
         vertex -1.2000 1.1000 6.7300
      endloop
   endfacet
   facet normal 0.0000 -1.0000 0.0000
      outer loop
         vertex -1.2000 1.1000 6.7300
         vertex -4.5000 1.1000 5.9000
         vertex -1.5000 1.1000 5.9000
      endloop
   endfacet
   facet normal 0.0000 -1.0000 0.0000
      outer loop
         vertex -1.2000 1.1000 6.7300
         vertex -1.5000 1.1000 5.9000
         vertex -1.2000 1.1000 1.2900
      endloop
   endfacet
   facet normal 0.0000 -1.0000 0.0000
      outer loop
         vertex -1.2000 1.1000 1.2900
         vertex -1.5000 1.1000 5.9000
         vertex -1.5000 1.1000 -0.6000
      endloop
   endfacet
   facet normal 0.0000 -1.0000 0.0000
      outer loop
         vertex -1.2000 1.1000 1.2900
         vertex -1.5000 1.1000 -0.6000
         vertex -1.2000 1.1000 -1.8100
      endloop
   endfacet
   facet normal 0.0000 -1.0000 0.0000
      outer loop
         vertex -5.6100 1.1000 6.7300
         vertex -4.5000 1.1000 -0.6000
         vertex -4.5000 1.1000 5.9000
      endloop
   endfacet
   facet normal -0.3399 -0.9405 0.0000
      outer loop
         vertex -5.8000 1.1000 -1.8100
         vertex -5.8000 1.1000 7.0500
         vertex -6.2000 1.2072 7.0500
      endloop
   endfacet
   facet normal -0.4210 -0.9071 0.0000
      outer loop
         vertex -5.8000 1.1000 -1.8100
         vertex -6.2000 1.2072 7.0500
         vertex -6.2000 1.2072 -1.8100
      endloop
   endfacet
   facet normal 0.3399 -0.9405 0.0000
      outer loop
         vertex -6.0100 6.5157 -1.8000
         vertex -5.7700 6.5800 -1.8000
         vertex -5.7700 6.5800 7.0500
      endloop
   endfacet
   facet normal 0.4210 -0.9071 0.0000
      outer loop
         vertex -6.0100 6.5157 -1.8000
         vertex -5.7700 6.5800 7.0500
         vertex -6.0100 6.5157 7.0500
      endloop
   endfacet
   facet normal 0.6414 -0.7672 0.0000
      outer loop
         vertex -6.1857 6.3400 -1.8000
         vertex -6.0100 6.5157 -1.8000
         vertex -6.0100 6.5157 7.0500
      endloop
   endfacet
   facet normal 0.7672 -0.6414 0.0000
      outer loop
         vertex -6.1857 6.3400 -1.8000
         vertex -6.0100 6.5157 7.0500
         vertex -6.1857 6.3400 7.0500
      endloop
   endfacet
   facet normal 0.4210 0.9071 0.0000
      outer loop
         vertex -5.7700 1.4600 -1.8000
         vertex -6.0100 1.5243 -1.8000
         vertex -6.0100 1.5243 7.0500
      endloop
   endfacet
   facet normal 0.3399 0.9405 0.0000
      outer loop
         vertex -5.7700 1.4600 -1.8000
         vertex -6.0100 1.5243 7.0500
         vertex -5.7700 1.4600 7.0500
      endloop
   endfacet
   facet normal 0.9938 0.0000 -0.1108
      outer loop
         vertex -5.8801 3.1250 0.8489
         vertex -5.9620 3.1250 0.1145
         vertex -5.9620 4.8750 0.1145
      endloop
   endfacet
   facet normal 0.9938 0.0000 -0.1108
      outer loop
         vertex -5.8801 3.1250 0.8489
         vertex -5.9620 4.8750 0.1145
         vertex -5.8801 4.8750 0.8489
      endloop
   endfacet
   facet normal 0.9991 0.0000 -0.0414
      outer loop
         vertex -5.8551 3.1250 1.2736
         vertex -5.8801 3.1250 0.8489
         vertex -5.8801 4.8750 0.8489
      endloop
   endfacet
   facet normal 0.9997 0.0000 -0.0239
      outer loop
         vertex -5.8551 3.1250 1.2736
         vertex -5.8801 4.8750 0.8489
         vertex -5.8551 4.8750 1.2736
      endloop
   endfacet
   facet normal 0.9999 0.0000 0.0109
      outer loop
         vertex -5.8746 3.1250 1.6985
         vertex -5.8551 3.1250 1.2736
         vertex -5.8551 4.8750 1.2736
      endloop
   endfacet
   facet normal 0.9996 0.0000 0.0284
      outer loop
         vertex -5.8746 3.1250 1.6985
         vertex -5.8551 4.8750 1.2736
         vertex -5.8746 4.8750 1.6985
      endloop
   endfacet
   facet normal 0.9071 -0.4210 0.0000
      outer loop
         vertex -6.2500 6.1000 -1.8000
         vertex -6.1857 6.3400 -1.8000
         vertex -6.1857 6.3400 7.0500
      endloop
   endfacet
   facet normal 0.9405 -0.3399 0.0000
      outer loop
         vertex -6.2500 6.1000 -1.8000
         vertex -6.1857 6.3400 7.0500
         vertex -6.2500 6.1000 7.0500
      endloop
   endfacet
   facet normal 0.7672 0.6414 0.0000
      outer loop
         vertex -6.0100 1.5243 -1.8000
         vertex -6.1857 1.7000 -1.8000
         vertex -6.1857 1.7000 7.0500
      endloop
   endfacet
   facet normal 0.6414 0.7672 0.0000
      outer loop
         vertex -6.0100 1.5243 -1.8000
         vertex -6.1857 1.7000 7.0500
         vertex -6.0100 1.5243 7.0500
      endloop
   endfacet
   facet normal 0.9405 0.3399 0.0000
      outer loop
         vertex -6.1857 1.7000 -1.8000
         vertex -6.2500 1.9400 -1.8000
         vertex -6.2500 1.9400 7.0500
      endloop
   endfacet
   facet normal 0.9071 0.4210 0.0000
      outer loop
         vertex -6.1857 1.7000 -1.8000
         vertex -6.2500 1.9400 7.0500
         vertex -6.1857 1.7000 7.0500
      endloop
   endfacet
   facet normal 1.0000 0.0000 0.0000
      outer loop
         vertex -6.2500 1.9400 -1.8000
         vertex -6.2500 2.8100 -0.4000
         vertex -6.2500 1.9400 7.0500
      endloop
   endfacet
   facet normal 1.0000 0.0000 0.0000
      outer loop
         vertex -6.2500 1.9400 7.0500
         vertex -6.2500 2.8100 -0.4000
         vertex -6.2500 2.8100 5.2500
      endloop
   endfacet
   facet normal 1.0000 0.0000 0.0000
      outer loop
         vertex -6.2500 1.9400 7.0500
         vertex -6.2500 2.8100 5.2500
         vertex -6.2500 6.1000 7.0500
      endloop
   endfacet
   facet normal 1.0000 0.0000 0.0000
      outer loop
         vertex -6.2500 6.1000 7.0500
         vertex -6.2500 2.8100 5.2500
         vertex -6.2500 5.1900 5.2500
      endloop
   endfacet
   facet normal 1.0000 0.0000 0.0000
      outer loop
         vertex -6.2500 6.1000 7.0500
         vertex -6.2500 5.1900 5.2500
         vertex -6.2500 6.1000 -1.8000
      endloop
   endfacet
   facet normal 1.0000 0.0000 0.0000
      outer loop
         vertex -6.2500 6.1000 -1.8000
         vertex -6.2500 5.1900 5.2500
         vertex -6.2500 5.1900 -0.4000
      endloop
   endfacet
   facet normal 1.0000 0.0000 0.0000
      outer loop
         vertex -6.2500 6.1000 -1.8000
         vertex -6.2500 5.1900 -0.4000
         vertex -6.2500 2.8100 -0.4000
      endloop
   endfacet
   facet normal 1.0000 0.0000 0.0000
      outer loop
         vertex -6.2500 2.8100 -0.4000
         vertex -6.2500 1.9400 -1.8000
         vertex -6.2500 6.1000 -1.8000
      endloop
   endfacet
   facet normal 0.0000 0.0000 -1.0000
      outer loop
         vertex -6.2779 3.1250 5.2500
         vertex -6.2779 4.8750 5.2500
         vertex -6.2500 5.1900 5.2500
      endloop
   endfacet
   facet normal 0.0000 0.0000 -1.0000
      outer loop
         vertex -6.2779 3.1250 5.2500
         vertex -6.2500 5.1900 5.2500
         vertex -6.2500 2.8100 5.2500
      endloop
   endfacet
   facet normal 0.0000 0.0000 -1.0000
      outer loop
         vertex -6.2779 3.1250 5.2500
         vertex -6.2500 2.8100 5.2500
         vertex -6.6000 2.8100 5.2500
      endloop
   endfacet
   facet normal 0.0000 0.0000 -1.0000
      outer loop
         vertex -6.2779 3.1250 5.2500
         vertex -6.6000 2.8100 5.2500
         vertex -6.6000 3.1250 5.2500
      endloop
   endfacet
   facet normal 0.0000 0.0000 -1.0000
      outer loop
         vertex -6.6000 4.8750 5.2500
         vertex -6.6000 5.1900 5.2500
         vertex -6.2500 5.1900 5.2500
      endloop
   endfacet
   facet normal 0.0000 0.0000 -1.0000
      outer loop
         vertex -6.6000 4.8750 5.2500
         vertex -6.2500 5.1900 5.2500
         vertex -6.2779 4.8750 5.2500
      endloop
   endfacet
   facet normal -0.9938 0.0000 0.1108
      outer loop
         vertex -6.1981 4.8750 0.8844
         vertex -6.2800 4.8750 0.1500
         vertex -6.2800 3.1250 0.1500
      endloop
   endfacet
   facet normal -0.9938 0.0000 0.1108
      outer loop
         vertex -6.1981 4.8750 0.8844
         vertex -6.2800 3.1250 0.1500
         vertex -6.1981 3.1250 0.8844
      endloop
   endfacet
   facet normal -0.1108 0.0000 -0.9938
      outer loop
         vertex -6.2800 4.8750 0.1500
         vertex -5.9620 4.8750 0.1145
         vertex -5.9620 3.1250 0.1145
      endloop
   endfacet
   facet normal -0.1108 0.0000 -0.9938
      outer loop
         vertex -6.2800 4.8750 0.1500
         vertex -5.9620 3.1250 0.1145
         vertex -6.2800 3.1250 0.1500
      endloop
   endfacet
   facet normal 0.9936 0.0000 0.1129
      outer loop
         vertex -5.8746 4.8750 1.6985
         vertex -6.2779 4.8750 5.2500
         vertex -6.2779 3.1250 5.2500
      endloop
   endfacet
   facet normal 0.9936 0.0000 0.1129
      outer loop
         vertex -5.8746 4.8750 1.6985
         vertex -6.2779 3.1250 5.2500
         vertex -5.8746 3.1250 1.6985
      endloop
   endfacet
   facet normal -0.9996 0.0000 -0.0280
      outer loop
         vertex -6.1751 3.1250 1.2745
         vertex -6.1928 3.1250 1.6648
         vertex -6.1928 4.8750 1.6648
      endloop
   endfacet
   facet normal -0.9999 0.0000 -0.0106
      outer loop
         vertex -6.1751 3.1250 1.2745
         vertex -6.1928 4.8750 1.6648
         vertex -6.1751 4.8750 1.2745
      endloop
   endfacet
   facet normal -0.9997 0.0000 0.0242
      outer loop
         vertex -6.1981 3.1250 0.8844
         vertex -6.1751 3.1250 1.2745
         vertex -6.1751 4.8750 1.2745
      endloop
   endfacet
   facet normal -0.9991 0.0000 0.0416
      outer loop
         vertex -6.1981 3.1250 0.8844
         vertex -6.1751 4.8750 1.2745
         vertex -6.1981 4.8750 0.8844
      endloop
   endfacet
   facet normal -1.0000 0.0000 0.0000
      outer loop
         vertex -5.6100 0.3950 7.0500
         vertex -5.6100 1.1000 7.0500
         vertex -5.6100 1.1000 6.7300
      endloop
   endfacet
   facet normal -1.0000 0.0000 0.0000
      outer loop
         vertex -5.6100 0.3950 7.0500
         vertex -5.6100 1.1000 6.7300
         vertex -5.6100 0.3950 6.7300
      endloop
   endfacet
   facet normal -1.0000 0.0000 0.0000
      outer loop
         vertex -5.6100 6.9000 7.0500
         vertex -5.6100 7.3450 7.0500
         vertex -5.6100 7.3450 6.7300
      endloop
   endfacet
   facet normal -1.0000 0.0000 0.0000
      outer loop
         vertex -5.6100 6.9000 7.0500
         vertex -5.6100 7.3450 6.7300
         vertex -5.6100 6.9000 6.7300
      endloop
   endfacet
   facet normal 0.8460 -0.5332 0.0000
      outer loop
         vertex -7.4300 -2.1471 -4.0605
         vertex -6.2800 -0.3224 -4.1281
         vertex -6.2800 -0.3224 -2.5719
      endloop
   endfacet
   facet normal 0.8460 -0.5332 0.0000
      outer loop
         vertex -7.4300 -2.1471 -4.0605
         vertex -6.2800 -0.3224 -2.5719
         vertex -7.4300 -2.1471 -2.6395
      endloop
   endfacet
   facet normal -0.8460 0.5332 0.0000
      outer loop
         vertex -6.6000 -0.2300 -2.5685
         vertex -6.6000 -0.2300 -4.1315
         vertex -7.7007 -1.9764 -4.0668
      endloop
   endfacet
   facet normal -0.8460 0.5332 0.0000
      outer loop
         vertex -6.6000 -0.2300 -2.5685
         vertex -7.7007 -1.9764 -4.0668
         vertex -7.7007 -1.9764 -2.6332
      endloop
   endfacet
   facet normal -0.9887 -0.1501 0.0000
      outer loop
         vertex -7.7233 -3.1460 -2.6765
         vertex -7.8750 -2.5800 -2.6555
         vertex -7.8750 -2.5800 -4.0445
      endloop
   endfacet
   facet normal -0.9545 -0.2984 0.0000
      outer loop
         vertex -7.7233 -3.1460 -2.6765
         vertex -7.8750 -2.5800 -4.0445
         vertex -7.7233 -3.1460 -4.0235
      endloop
   endfacet
   facet normal -0.9634 0.2680 0.0000
      outer loop
         vertex -7.7233 -2.0140 -2.6346
         vertex -7.7233 -2.0140 -4.0654
         vertex -7.8750 -2.5800 -4.0445
      endloop
   endfacet
   facet normal -0.9908 0.1351 0.0000
      outer loop
         vertex -7.7233 -2.0140 -2.6346
         vertex -7.8750 -2.5800 -4.0445
         vertex -7.8750 -2.5800 -2.6555
      endloop
   endfacet
   facet normal -0.8793 0.4763 0.0000
      outer loop
         vertex -7.7007 -1.9764 -2.6332
         vertex -7.7007 -1.9764 -4.0668
         vertex -7.7233 -2.0140 -4.0654
      endloop
   endfacet
   facet normal -0.9007 0.4345 0.0000
      outer loop
         vertex -7.7007 -1.9764 -2.6332
         vertex -7.7233 -2.0140 -4.0654
         vertex -7.7233 -2.0140 -2.6346
      endloop
   endfacet
   facet normal 0.0000 -0.0370 -0.9993
      outer loop
         vertex -7.7056 -3.1699 -4.0227
         vertex -7.7233 -3.1460 -4.0235
         vertex -7.7007 -1.9764 -4.0668
      endloop
   endfacet
   facet normal 0.0000 -0.0370 -0.9993
      outer loop
         vertex -7.7056 -3.1699 -4.0227
         vertex -7.7007 -1.9764 -4.0668
         vertex -7.5550 -2.5800 -4.0445
      endloop
   endfacet
   facet normal 0.0000 -0.0370 -0.9993
      outer loop
         vertex -7.7056 -3.1699 -4.0227
         vertex -7.5550 -2.5800 -4.0445
         vertex -7.4462 -2.9860 -4.0295
      endloop
   endfacet
   facet normal 0.0000 -0.0370 -0.9993
      outer loop
         vertex -7.7056 -3.1699 -4.0227
         vertex -7.4462 -2.9860 -4.0295
         vertex -7.3352 -3.1356 -4.0239
      endloop
   endfacet
   facet normal 0.0000 -0.0370 -0.9993
      outer loop
         vertex -7.7056 -3.1699 -4.0227
         vertex -7.3352 -3.1356 -4.0239
         vertex -7.3030 -3.1699 -4.0227
      endloop
   endfacet
   facet normal 0.0000 -0.0370 -0.9993
      outer loop
         vertex -7.7233 -3.1460 -4.0235
         vertex -7.8750 -2.5800 -4.0445
         vertex -7.7233 -2.0140 -4.0654
      endloop
   endfacet
   facet normal 0.0000 -0.0370 -0.9993
      outer loop
         vertex -7.7233 -3.1460 -4.0235
         vertex -7.7233 -2.0140 -4.0654
         vertex -7.7007 -1.9764 -4.0668
      endloop
   endfacet
   facet normal 0.0000 -0.0370 -0.9993
      outer loop
         vertex -6.6000 -0.2300 -4.1315
         vertex -6.6000 -0.1800 -4.1333
         vertex -6.2800 -0.1800 -4.1333
      endloop
   endfacet
   facet normal 0.0000 -0.0370 -0.9993
      outer loop
         vertex -6.6000 -0.2300 -4.1315
         vertex -6.2800 -0.1800 -4.1333
         vertex -6.2800 -0.3224 -4.1281
      endloop
   endfacet
   facet normal 0.0000 -0.0370 -0.9993
      outer loop
         vertex -6.6000 -0.2300 -4.1315
         vertex -6.2800 -0.3224 -4.1281
         vertex -7.4300 -2.1471 -4.0605
      endloop
   endfacet
   facet normal 0.0000 -0.0370 -0.9993
      outer loop
         vertex -6.6000 -0.2300 -4.1315
         vertex -7.4300 -2.1471 -4.0605
         vertex -7.4462 -2.1740 -4.0595
      endloop
   endfacet
   facet normal 0.0000 -0.0370 -0.9993
      outer loop
         vertex -6.6000 -0.2300 -4.1315
         vertex -7.4462 -2.1740 -4.0595
         vertex -7.7007 -1.9764 -4.0668
      endloop
   endfacet
   facet normal 0.0000 -0.0370 -0.9993
      outer loop
         vertex -7.7007 -1.9764 -4.0668
         vertex -7.4462 -2.1740 -4.0595
         vertex -7.5550 -2.5800 -4.0445
      endloop
   endfacet
   facet normal 0.0000 -0.0370 0.9993
      outer loop
         vertex -7.4462 -2.1740 -2.6405
         vertex -7.4300 -2.1471 -2.6395
         vertex -6.6000 -0.2300 -2.5685
      endloop
   endfacet
   facet normal 0.0000 -0.0370 0.9993
      outer loop
         vertex -6.6000 -0.2300 -2.5685
         vertex -7.4300 -2.1471 -2.6395
         vertex -6.2800 -0.3224 -2.5719
      endloop
   endfacet
   facet normal 0.0000 -0.0370 0.9993
      outer loop
         vertex -6.6000 -0.2300 -2.5685
         vertex -6.2800 -0.3224 -2.5719
         vertex -6.6000 -0.1800 -2.5667
      endloop
   endfacet
   facet normal 0.0000 -0.0370 0.9993
      outer loop
         vertex -6.6000 -0.1800 -2.5667
         vertex -6.2800 -0.3224 -2.5719
         vertex -6.2800 -0.1800 -2.5667
      endloop
   endfacet
   facet normal 0.0000 -0.0370 0.9993
      outer loop
         vertex -7.3352 -3.1356 -2.6761
         vertex -7.4462 -2.9860 -2.6705
         vertex -7.7056 -3.1699 -2.6773
      endloop
   endfacet
   facet normal 0.0000 -0.0370 0.9993
      outer loop
         vertex -7.7056 -3.1699 -2.6773
         vertex -7.4462 -2.9860 -2.6705
         vertex -7.5550 -2.5800 -2.6555
      endloop
   endfacet
   facet normal 0.0000 -0.0370 0.9993
      outer loop
         vertex -7.7056 -3.1699 -2.6773
         vertex -7.5550 -2.5800 -2.6555
         vertex -7.7007 -1.9764 -2.6332
      endloop
   endfacet
   facet normal 0.0000 -0.0370 0.9993
      outer loop
         vertex -7.7007 -1.9764 -2.6332
         vertex -7.5550 -2.5800 -2.6555
         vertex -7.4462 -2.1740 -2.6405
      endloop
   endfacet
   facet normal 0.0000 -0.0370 0.9993
      outer loop
         vertex -7.7007 -1.9764 -2.6332
         vertex -7.4462 -2.1740 -2.6405
         vertex -6.6000 -0.2300 -2.5685
      endloop
   endfacet
   facet normal 0.0000 -0.0370 0.9993
      outer loop
         vertex -7.7233 -2.0140 -2.6346
         vertex -7.8750 -2.5800 -2.6555
         vertex -7.7233 -3.1460 -2.6765
      endloop
   endfacet
   facet normal 0.0000 -0.0370 0.9993
      outer loop
         vertex -7.7233 -2.0140 -2.6346
         vertex -7.7233 -3.1460 -2.6765
         vertex -7.7056 -3.1699 -2.6773
      endloop
   endfacet
   facet normal 0.0000 -0.0370 0.9993
      outer loop
         vertex -7.7233 -2.0140 -2.6346
         vertex -7.7056 -3.1699 -2.6773
         vertex -7.7007 -1.9764 -2.6332
      endloop
   endfacet
   facet normal 0.0000 -0.0370 0.9993
      outer loop
         vertex -7.3352 -3.1356 -2.6761
         vertex -7.7056 -3.1699 -2.6773
         vertex -7.3030 -3.1699 -2.6773
      endloop
   endfacet
   facet normal 0.7293 0.6842 0.0000
      outer loop
         vertex -7.3030 -3.1699 -4.0227
         vertex -7.3352 -3.1356 -4.0239
         vertex -7.3352 -3.1356 -2.6761
      endloop
   endfacet
   facet normal 0.7293 0.6842 0.0000
      outer loop
         vertex -7.3030 -3.1699 -4.0227
         vertex -7.3352 -3.1356 -2.6761
         vertex -7.3030 -3.1699 -2.6773
      endloop
   endfacet
   facet normal 0.7293 0.6842 0.0000
      outer loop
         vertex -7.3030 -3.1699 -4.0227
         vertex -7.3030 -3.1699 -2.6773
         vertex -7.0334 -3.4573 -2.7659
      endloop
   endfacet
   facet normal 0.7293 0.6842 0.0000
      outer loop
         vertex -7.3030 -3.1699 -4.0227
         vertex -7.0334 -3.4573 -2.7659
         vertex -6.8017 -3.7041 -3.0127
      endloop
   endfacet
   facet normal 0.7293 0.6842 0.0000
      outer loop
         vertex -7.3030 -3.1699 -4.0227
         vertex -6.8017 -3.7041 -3.0127
         vertex -6.7169 -3.7945 -3.3500
      endloop
   endfacet
   facet normal 0.7293 0.6842 0.0000
      outer loop
         vertex -7.3030 -3.1699 -4.0227
         vertex -6.7169 -3.7945 -3.3500
         vertex -6.8017 -3.7041 -3.6873
      endloop
   endfacet
   facet normal 0.7293 0.6842 0.0000
      outer loop
         vertex -7.3030 -3.1699 -4.0227
         vertex -6.8017 -3.7041 -3.6873
         vertex -7.0334 -3.4573 -3.9341
      endloop
   endfacet
   facet normal -0.7293 -0.6842 0.0000
      outer loop
         vertex -7.5685 -3.3545 -2.7342
         vertex -7.5685 -3.3545 -3.9658
         vertex -7.4722 -3.4573 -3.9341
      endloop
   endfacet
   facet normal -0.7293 -0.6842 0.0000
      outer loop
         vertex -7.5685 -3.3545 -2.7342
         vertex -7.4722 -3.4573 -3.9341
         vertex -7.2405 -3.7041 -3.6873
      endloop
   endfacet
   facet normal -0.7293 -0.6842 0.0000
      outer loop
         vertex -7.5685 -3.3545 -2.7342
         vertex -7.2405 -3.7041 -3.6873
         vertex -7.1557 -3.7945 -3.3500
      endloop
   endfacet
   facet normal -0.7293 -0.6842 0.0000
      outer loop
         vertex -7.5685 -3.3545 -2.7342
         vertex -7.1557 -3.7945 -3.3500
         vertex -7.2405 -3.7041 -3.0127
      endloop
   endfacet
   facet normal -0.7293 -0.6842 0.0000
      outer loop
         vertex -7.5685 -3.3545 -2.7342
         vertex -7.2405 -3.7041 -3.0127
         vertex -7.4722 -3.4573 -2.7659
      endloop
   endfacet
   facet normal -0.8710 -0.4914 0.0000
      outer loop
         vertex -7.7233 -3.1460 -2.6765
         vertex -7.7233 -3.1460 -4.0235
         vertex -7.7056 -3.1699 -4.0227
      endloop
   endfacet
   facet normal -0.8383 -0.5452 0.0000
      outer loop
         vertex -7.7233 -3.1460 -2.6765
         vertex -7.7056 -3.1699 -4.0227
         vertex -7.5685 -3.3545 -3.9658
      endloop
   endfacet
   facet normal -0.8383 -0.5452 0.0000
      outer loop
         vertex -7.7233 -3.1460 -2.6765
         vertex -7.5685 -3.3545 -3.9658
         vertex -7.5685 -3.3545 -2.7342
      endloop
   endfacet
   facet normal -0.8383 -0.5452 0.0000
      outer loop
         vertex -7.7233 -3.1460 -2.6765
         vertex -7.5685 -3.3545 -2.7342
         vertex -7.7056 -3.1699 -2.6773
      endloop
   endfacet
   facet normal 0.0000 -0.6505 0.7595
      outer loop
         vertex -7.0334 -3.4573 -2.7659
         vertex -7.4722 -3.4573 -2.7659
         vertex -7.2405 -3.7041 -3.0127
      endloop
   endfacet
   facet normal 0.0000 -0.7707 0.6372
      outer loop
         vertex -7.0334 -3.4573 -2.7659
         vertex -7.2405 -3.7041 -3.0127
         vertex -6.8017 -3.7041 -3.0127
      endloop
   endfacet
   facet normal 0.0000 -0.2944 0.9557
      outer loop
         vertex -7.3030 -3.1699 -2.6773
         vertex -7.7056 -3.1699 -2.6773
         vertex -7.5685 -3.3545 -2.7342
      endloop
   endfacet
   facet normal 0.0000 -0.3692 0.9294
      outer loop
         vertex -7.3030 -3.1699 -2.6773
         vertex -7.5685 -3.3545 -2.7342
         vertex -7.4722 -3.4573 -2.7659
      endloop
   endfacet
   facet normal 0.0000 -0.4435 0.8963
      outer loop
         vertex -7.3030 -3.1699 -2.6773
         vertex -7.4722 -3.4573 -2.7659
         vertex -7.0334 -3.4573 -2.7659
      endloop
   endfacet
   facet normal 0.0000 -0.9391 0.3437
      outer loop
         vertex -6.8017 -3.7041 -3.0127
         vertex -7.2405 -3.7041 -3.0127
         vertex -7.1557 -3.7945 -3.3500
      endloop
   endfacet
   facet normal 0.0000 -0.9851 0.1719
      outer loop
         vertex -6.8017 -3.7041 -3.0127
         vertex -7.1557 -3.7945 -3.3500
         vertex -6.7169 -3.7945 -3.3500
      endloop
   endfacet
   facet normal 0.0000 -0.9391 -0.3437
      outer loop
         vertex -7.1557 -3.7945 -3.3500
         vertex -7.2405 -3.7041 -3.6873
         vertex -6.8017 -3.7041 -3.6873
      endloop
   endfacet
   facet normal 0.0000 -0.9851 -0.1719
      outer loop
         vertex -7.1557 -3.7945 -3.3500
         vertex -6.8017 -3.7041 -3.6873
         vertex -6.7169 -3.7945 -3.3500
      endloop
   endfacet
   facet normal 0.0000 -0.6505 -0.7595
      outer loop
         vertex -7.2405 -3.7041 -3.6873
         vertex -7.4722 -3.4573 -3.9341
         vertex -7.0334 -3.4573 -3.9341
      endloop
   endfacet
   facet normal 0.0000 -0.7707 -0.6372
      outer loop
         vertex -7.2405 -3.7041 -3.6873
         vertex -7.0334 -3.4573 -3.9341
         vertex -6.8017 -3.7041 -3.6873
      endloop
   endfacet
   facet normal 0.0000 -0.2944 -0.9557
      outer loop
         vertex -7.5685 -3.3545 -3.9658
         vertex -7.7056 -3.1699 -4.0227
         vertex -7.3030 -3.1699 -4.0227
      endloop
   endfacet
   facet normal 0.0000 -0.3692 -0.9294
      outer loop
         vertex -7.5685 -3.3545 -3.9658
         vertex -7.3030 -3.1699 -4.0227
         vertex -7.0334 -3.4573 -3.9341
      endloop
   endfacet
   facet normal 0.0000 -0.4435 -0.8963
      outer loop
         vertex -7.5685 -3.3545 -3.9658
         vertex -7.0334 -3.4573 -3.9341
         vertex -7.4722 -3.4573 -3.9341
      endloop
   endfacet
   facet normal 0.8793 -0.4763 0.0000
      outer loop
         vertex -7.4462 -2.1740 -4.0595
         vertex -7.4300 -2.1471 -4.0605
         vertex -7.4300 -2.1471 -2.6395
      endloop
   endfacet
   facet normal 0.9007 -0.4345 0.0000
      outer loop
         vertex -7.4462 -2.1740 -4.0595
         vertex -7.4300 -2.1471 -2.6395
         vertex -7.4462 -2.1740 -2.6405
      endloop
   endfacet
   facet normal 0.9634 -0.2680 0.0000
      outer loop
         vertex -7.5550 -2.5800 -4.0445
         vertex -7.4462 -2.1740 -4.0595
         vertex -7.4462 -2.1740 -2.6405
      endloop
   endfacet
   facet normal 0.9908 -0.1351 0.0000
      outer loop
         vertex -7.5550 -2.5800 -4.0445
         vertex -7.4462 -2.1740 -2.6405
         vertex -7.5550 -2.5800 -2.6555
      endloop
   endfacet
   facet normal 0.9887 0.1501 0.0000
      outer loop
         vertex -7.4462 -2.9860 -4.0295
         vertex -7.5550 -2.5800 -4.0445
         vertex -7.5550 -2.5800 -2.6555
      endloop
   endfacet
   facet normal 0.9545 0.2984 0.0000
      outer loop
         vertex -7.4462 -2.9860 -4.0295
         vertex -7.5550 -2.5800 -2.6555
         vertex -7.4462 -2.9860 -2.6705
      endloop
   endfacet
   facet normal 0.8710 0.4914 0.0000
      outer loop
         vertex -7.3352 -3.1356 -4.0239
         vertex -7.4462 -2.9860 -4.0295
         vertex -7.4462 -2.9860 -2.6705
      endloop
   endfacet
   facet normal 0.8383 0.5452 0.0000
      outer loop
         vertex -7.3352 -3.1356 -4.0239
         vertex -7.4462 -2.9860 -2.6705
         vertex -7.3352 -3.1356 -2.6761
      endloop
   endfacet
   facet normal -1.0000 0.0000 0.0000
      outer loop
         vertex -5.5500 4.0200 -4.2600
         vertex -5.5500 4.0200 5.8200
         vertex -5.5500 4.4530 6.5700
      endloop
   endfacet
   facet normal -1.0000 0.0000 0.0000
      outer loop
         vertex -5.5500 4.0200 -4.2600
         vertex -5.5500 4.4530 6.5700
         vertex -5.5500 5.4270 6.5700
      endloop
   endfacet
   facet normal -1.0000 0.0000 0.0000
      outer loop
         vertex -5.5500 4.0200 -4.2600
         vertex -5.5500 5.4270 6.5700
         vertex -5.5500 5.8600 5.8200
      endloop
   endfacet
   facet normal -1.0000 0.0000 0.0000
      outer loop
         vertex -5.5500 4.0200 -4.2600
         vertex -5.5500 5.8600 5.8200
         vertex -5.5500 5.8600 -4.2600
      endloop
   endfacet
   facet normal 1.0000 0.0000 0.0000
      outer loop
         vertex 5.5500 4.0200 5.8200
         vertex 5.5500 4.0200 -4.2600
         vertex 5.5500 5.8600 -4.2600
      endloop
   endfacet
   facet normal 1.0000 0.0000 0.0000
      outer loop
         vertex 5.5500 4.0200 5.8200
         vertex 5.5500 5.8600 -4.2600
         vertex 5.5500 5.8600 5.8200
      endloop
   endfacet
   facet normal 1.0000 0.0000 0.0000
      outer loop
         vertex 5.5500 4.0200 5.8200
         vertex 5.5500 5.8600 5.8200
         vertex 5.5500 5.4270 6.5700
      endloop
   endfacet
   facet normal 1.0000 0.0000 0.0000
      outer loop
         vertex 5.5500 4.0200 5.8200
         vertex 5.5500 5.4270 6.5700
         vertex 5.5500 4.4530 6.5700
      endloop
   endfacet
   facet normal 0.0000 0.8660 0.5000
      outer loop
         vertex -5.5500 5.8600 5.8200
         vertex -5.5500 5.4270 6.5700
         vertex 5.5500 5.4270 6.5700
      endloop
   endfacet
   facet normal 0.0000 0.8660 0.5000
      outer loop
         vertex -5.5500 5.8600 5.8200
         vertex 5.5500 5.4270 6.5700
         vertex 5.5500 5.8600 5.8200
      endloop
   endfacet
   facet normal 0.0000 -0.8660 0.5000
      outer loop
         vertex -5.5500 4.4530 6.5700
         vertex -5.5500 4.0200 5.8200
         vertex 5.5500 4.0200 5.8200
      endloop
   endfacet
   facet normal 0.0000 -0.8660 0.5000
      outer loop
         vertex -5.5500 4.4530 6.5700
         vertex 5.5500 4.0200 5.8200
         vertex 5.5500 4.4530 6.5700
      endloop
   endfacet
   facet normal 0.0000 0.0000 1.0000
      outer loop
         vertex -5.5500 5.4270 6.5700
         vertex -5.5500 4.4530 6.5700
         vertex 5.5500 4.4530 6.5700
      endloop
   endfacet
   facet normal 0.0000 0.0000 1.0000
      outer loop
         vertex -5.5500 5.4270 6.5700
         vertex 5.5500 4.4530 6.5700
         vertex 5.5500 5.4270 6.5700
      endloop
   endfacet
   facet normal 0.0000 1.0000 0.0000
      outer loop
         vertex -5.5500 5.8600 -4.2600
         vertex -5.5500 5.8600 5.8200
         vertex 5.5500 5.8600 5.8200
      endloop
   endfacet
   facet normal 0.0000 1.0000 0.0000
      outer loop
         vertex -5.5500 5.8600 -4.2600
         vertex 5.5500 5.8600 5.8200
         vertex 5.5500 5.8600 -4.2600
      endloop
   endfacet
   facet normal 0.0000 0.0000 -1.0000
      outer loop
         vertex -5.5500 4.0200 -4.2600
         vertex -5.5500 5.8600 -4.2600
         vertex 5.5500 5.8600 -4.2600
      endloop
   endfacet
   facet normal 0.0000 0.0000 -1.0000
      outer loop
         vertex -5.5500 4.0200 -4.2600
         vertex 5.5500 5.8600 -4.2600
         vertex 5.5500 4.0200 -4.2600
      endloop
   endfacet
   facet normal 0.0000 -1.0000 0.0000
      outer loop
         vertex -5.5500 4.0200 5.8200
         vertex -5.5500 4.0200 -4.2600
         vertex 5.5500 4.0200 -4.2600
      endloop
   endfacet
   facet normal 0.0000 -1.0000 0.0000
      outer loop
         vertex -5.5500 4.0200 5.8200
         vertex 5.5500 4.0200 -4.2600
         vertex 5.5500 4.0200 5.8200
      endloop
   endfacet
   facet normal -1.0000 0.0000 0.0000
      outer loop
         vertex -3.8250 3.5478 2.6550
         vertex -3.8250 3.7001 2.2603
         vertex -3.8250 4.2200 0.6800
      endloop
   endfacet
   facet normal -1.0000 0.0000 0.0000
      outer loop
         vertex -3.8250 4.2200 0.6800
         vertex -3.8250 3.7001 2.2603
         vertex -3.8250 4.4800 0.7429
      endloop
   endfacet
   facet normal -1.0000 0.0000 0.0000
      outer loop
         vertex -3.8250 4.2200 0.6800
         vertex -3.8250 4.4800 0.7429
         vertex -3.8250 4.2200 -5.9350
      endloop
   endfacet
   facet normal -1.0000 0.0000 0.0000
      outer loop
         vertex -3.8250 4.2200 -5.9350
         vertex -3.8250 4.4800 0.7429
         vertex -3.8250 4.4800 -6.1850
      endloop
   endfacet
   facet normal -1.0000 0.0000 0.0000
      outer loop
         vertex -3.8250 4.2200 -5.9350
         vertex -3.8250 4.4800 -6.1850
         vertex -3.8250 -3.0200 -6.1850
      endloop
   endfacet
   facet normal -1.0000 0.0000 0.0000
      outer loop
         vertex -3.8250 4.4512 5.5411
         vertex -3.8250 3.7001 4.0797
         vertex -3.8250 4.2200 5.6600
      endloop
   endfacet
   facet normal -1.0000 0.0000 0.0000
      outer loop
         vertex -3.8250 4.2200 5.6600
         vertex -3.8250 3.7001 4.0797
         vertex -3.8250 3.5478 3.6851
      endloop
   endfacet
   facet normal -1.0000 0.0000 0.0000
      outer loop
         vertex -3.8250 4.2200 5.6600
         vertex -3.8250 3.5478 3.6851
         vertex -3.8250 3.4688 4.1985
      endloop
   endfacet
   facet normal -1.0000 0.0000 0.0000
      outer loop
         vertex -3.8250 3.4688 4.1985
         vertex -3.8250 3.5478 3.6851
         vertex -3.8250 3.4800 3.1700
      endloop
   endfacet
   facet normal -1.0000 0.0000 0.0000
      outer loop
         vertex -3.8250 3.4688 4.1985
         vertex -3.8250 3.4800 3.1700
         vertex -3.8250 3.4688 2.1415
      endloop
   endfacet
   facet normal -1.0000 0.0000 0.0000
      outer loop
         vertex -3.8250 3.4688 2.1415
         vertex -3.8250 3.4800 3.1700
         vertex -3.8250 3.5478 2.6550
      endloop
   endfacet
   facet normal -1.0000 0.0000 0.0000
      outer loop
         vertex -3.8250 3.4688 2.1415
         vertex -3.8250 3.5478 2.6550
         vertex -3.8250 4.2200 0.6800
      endloop
   endfacet
   facet normal -1.0000 0.0000 0.0000
      outer loop
         vertex -3.8250 3.2967 2.5877
         vertex -3.8250 3.2200 3.1700
         vertex -3.8250 3.2967 3.7523
      endloop
   endfacet
   facet normal -1.0000 0.0000 0.0000
      outer loop
         vertex -3.8250 3.2967 2.5877
         vertex -3.8250 3.2967 3.7523
         vertex -3.8250 3.4688 4.1985
      endloop
   endfacet
   facet normal -1.0000 0.0000 0.0000
      outer loop
         vertex -3.8250 3.2967 2.5877
         vertex -3.8250 3.4688 4.1985
         vertex -3.8250 3.4688 2.1415
      endloop
   endfacet
   facet normal -1.0000 0.0000 0.0000
      outer loop
         vertex -3.8250 4.2200 -5.9350
         vertex -3.8250 -3.0200 -6.1850
         vertex -3.8250 -3.0200 -5.9350
      endloop
   endfacet
   facet normal 1.0000 0.0000 0.0000
      outer loop
         vertex 3.8250 4.4800 0.7429
         vertex 3.8250 3.7001 2.2603
         vertex 3.8250 4.2200 0.6800
      endloop
   endfacet
   facet normal 1.0000 0.0000 0.0000
      outer loop
         vertex 3.8250 4.2200 0.6800
         vertex 3.8250 3.7001 2.2603
         vertex 3.8250 3.5478 2.6550
      endloop
   endfacet
   facet normal 1.0000 0.0000 0.0000
      outer loop
         vertex 3.8250 4.2200 0.6800
         vertex 3.8250 3.5478 2.6550
         vertex 3.8250 3.4688 2.1415
      endloop
   endfacet
   facet normal 1.0000 0.0000 0.0000
      outer loop
         vertex 3.8250 3.4688 2.1415
         vertex 3.8250 3.5478 2.6550
         vertex 3.8250 3.4800 3.1700
      endloop
   endfacet
   facet normal 1.0000 0.0000 0.0000
      outer loop
         vertex 3.8250 3.4688 2.1415
         vertex 3.8250 3.4800 3.1700
         vertex 3.8250 3.4688 4.1985
      endloop
   endfacet
   facet normal 1.0000 0.0000 0.0000
      outer loop
         vertex 3.8250 3.4688 4.1985
         vertex 3.8250 3.4800 3.1700
         vertex 3.8250 3.5478 3.6851
      endloop
   endfacet
   facet normal 1.0000 0.0000 0.0000
      outer loop
         vertex 3.8250 3.4688 4.1985
         vertex 3.8250 3.5478 3.6851
         vertex 3.8250 4.2200 5.6600
      endloop
   endfacet
   facet normal 1.0000 0.0000 0.0000
      outer loop
         vertex 3.8250 4.2200 5.6600
         vertex 3.8250 3.5478 3.6851
         vertex 3.8250 3.7001 4.0797
      endloop
   endfacet
   facet normal 1.0000 0.0000 0.0000
      outer loop
         vertex 3.8250 4.2200 5.6600
         vertex 3.8250 3.7001 4.0797
         vertex 3.8250 4.4512 5.5411
      endloop
   endfacet
   facet normal 1.0000 0.0000 0.0000
      outer loop
         vertex 3.8250 4.4800 -6.1850
         vertex 3.8250 4.4800 0.7429
         vertex 3.8250 4.2200 0.6800
      endloop
   endfacet
   facet normal 1.0000 0.0000 0.0000
      outer loop
         vertex 3.8250 4.4800 -6.1850
         vertex 3.8250 4.2200 0.6800
         vertex 3.8250 4.2200 -5.9350
      endloop
   endfacet
   facet normal 1.0000 0.0000 0.0000
      outer loop
         vertex 3.8250 4.4800 -6.1850
         vertex 3.8250 4.2200 -5.9350
         vertex 3.8250 -3.0200 -5.9350
      endloop
   endfacet
   facet normal 1.0000 0.0000 0.0000
      outer loop
         vertex 3.8250 4.4800 -6.1850
         vertex 3.8250 -3.0200 -5.9350
         vertex 3.8250 -3.0200 -6.1850
      endloop
   endfacet
   facet normal 1.0000 0.0000 0.0000
      outer loop
         vertex 3.8250 3.2967 3.7523
         vertex 3.8250 3.2200 3.1700
         vertex 3.8250 3.2967 2.5877
      endloop
   endfacet
   facet normal 1.0000 0.0000 0.0000
      outer loop
         vertex 3.8250 3.2967 3.7523
         vertex 3.8250 3.2967 2.5877
         vertex 3.8250 3.4688 2.1415
      endloop
   endfacet
   facet normal 1.0000 0.0000 0.0000
      outer loop
         vertex 3.8250 3.2967 3.7523
         vertex 3.8250 3.4688 2.1415
         vertex 3.8250 3.4688 4.1985
      endloop
   endfacet
   facet normal 0.0000 0.8894 0.4571
      outer loop
         vertex 1.3250 3.7001 2.2603
         vertex 1.3250 4.4800 0.7429
         vertex 0.6750 4.4800 0.7429
      endloop
   endfacet
   facet normal 0.0000 0.8894 0.4571
      outer loop
         vertex 1.3250 3.7001 2.2603
         vertex 0.6750 4.4800 0.7429
         vertex 0.6750 3.7001 2.2603
      endloop
   endfacet
   facet normal 0.0000 0.8894 0.4571
      outer loop
         vertex 3.1750 4.4800 0.7429
         vertex 3.1750 3.7001 2.2603
         vertex 3.8250 3.7001 2.2603
      endloop
   endfacet
   facet normal 0.0000 0.8894 0.4571
      outer loop
         vertex 3.1750 4.4800 0.7429
         vertex 3.8250 3.7001 2.2603
         vertex 3.8250 4.4800 0.7429
      endloop
   endfacet
   facet normal 0.0000 0.8894 0.4571
      outer loop
         vertex -0.6750 3.7001 2.2603
         vertex -0.6750 4.4800 0.7429
         vertex -1.3250 4.4800 0.7429
      endloop
   endfacet
   facet normal 0.0000 0.8894 0.4571
      outer loop
         vertex -0.6750 3.7001 2.2603
         vertex -1.3250 4.4800 0.7429
         vertex -1.3250 3.7001 2.2603
      endloop
   endfacet
   facet normal 0.0000 0.8894 0.4571
      outer loop
         vertex -3.1750 3.7001 2.2603
         vertex -3.1750 4.4800 0.7429
         vertex -3.8250 4.4800 0.7429
      endloop
   endfacet
   facet normal 0.0000 0.8894 0.4571
      outer loop
         vertex -3.1750 3.7001 2.2603
         vertex -3.8250 4.4800 0.7429
         vertex -3.8250 3.7001 2.2603
      endloop
   endfacet
   facet normal 0.0000 -0.9584 -0.2853
      outer loop
         vertex 1.3250 3.2967 2.5877
         vertex 0.6750 3.2967 2.5877
         vertex 0.6750 3.4688 2.1415
      endloop
   endfacet
   facet normal 0.0000 -0.9464 -0.3230
      outer loop
         vertex 1.3250 3.2967 2.5877
         vertex 0.6750 3.4688 2.1415
         vertex 1.3250 3.4688 2.1415
      endloop
   endfacet
   facet normal 0.0000 -0.9584 -0.2853
      outer loop
         vertex 3.8250 3.2967 2.5877
         vertex 3.1750 3.2967 2.5877
         vertex 3.1750 3.4688 2.1415
      endloop
   endfacet
   facet normal 0.0000 -0.9464 -0.3230
      outer loop
         vertex 3.8250 3.2967 2.5877
         vertex 3.1750 3.4688 2.1415
         vertex 3.8250 3.4688 2.1415
      endloop
   endfacet
   facet normal 0.0000 -0.9584 -0.2853
      outer loop
         vertex -0.6750 3.2967 2.5877
         vertex -1.3250 3.2967 2.5877
         vertex -1.3250 3.4688 2.1415
      endloop
   endfacet
   facet normal 0.0000 -0.9464 -0.3230
      outer loop
         vertex -0.6750 3.2967 2.5877
         vertex -1.3250 3.4688 2.1415
         vertex -0.6750 3.4688 2.1415
      endloop
   endfacet
   facet normal 0.0000 -0.9464 -0.3230
      outer loop
         vertex -3.8250 3.2967 2.5877
         vertex -3.8250 3.4688 2.1415
         vertex -3.1750 3.4688 2.1415
      endloop
   endfacet
   facet normal 0.0000 -0.9584 -0.2853
      outer loop
         vertex -3.8250 3.2967 2.5877
         vertex -3.1750 3.4688 2.1415
         vertex -3.1750 3.2967 2.5877
      endloop
   endfacet
   facet normal 0.0000 -1.0000 0.0000
      outer loop
         vertex -3.1750 4.2200 0.6800
         vertex -3.8250 4.2200 0.6800
         vertex -3.1750 4.2200 -1.8000
      endloop
   endfacet
   facet normal 0.0000 -1.0000 0.0000
      outer loop
         vertex -3.1750 4.2200 -1.8000
         vertex -3.8250 4.2200 0.6800
         vertex -3.8250 4.2200 -5.9350
      endloop
   endfacet
   facet normal 0.0000 -1.0000 0.0000
      outer loop
         vertex -3.1750 4.2200 -1.8000
         vertex -3.8250 4.2200 -5.9350
         vertex -1.3250 4.2200 -1.8000
      endloop
   endfacet
   facet normal 0.0000 -1.0000 0.0000
      outer loop
         vertex -1.3250 4.2200 -1.8000
         vertex -3.8250 4.2200 -5.9350
         vertex -0.6750 4.2200 -1.8000
      endloop
   endfacet
   facet normal 0.0000 -1.0000 0.0000
      outer loop
         vertex -1.3250 4.2200 -1.8000
         vertex -0.6750 4.2200 -1.8000
         vertex -0.6750 4.2200 0.6800
      endloop
   endfacet
   facet normal 0.0000 -1.0000 0.0000
      outer loop
         vertex 1.3250 4.2200 0.6800
         vertex 0.6750 4.2200 -1.8000
         vertex 1.3250 4.2200 -1.8000
      endloop
   endfacet
   facet normal 0.0000 -1.0000 0.0000
      outer loop
         vertex 1.3250 4.2200 -1.8000
         vertex 0.6750 4.2200 -1.8000
         vertex -3.8250 4.2200 -5.9350
      endloop
   endfacet
   facet normal 0.0000 -1.0000 0.0000
      outer loop
         vertex 1.3250 4.2200 -1.8000
         vertex -3.8250 4.2200 -5.9350
         vertex 3.1750 4.2200 -1.8000
      endloop
   endfacet
   facet normal 0.0000 -1.0000 0.0000
      outer loop
         vertex 3.1750 4.2200 -1.8000
         vertex -3.8250 4.2200 -5.9350
         vertex 3.8250 4.2200 -5.9350
      endloop
   endfacet
   facet normal 0.0000 -1.0000 0.0000
      outer loop
         vertex 3.1750 4.2200 -1.8000
         vertex 3.8250 4.2200 -5.9350
         vertex 3.8250 4.2200 0.6800
      endloop
   endfacet
   facet normal 0.0000 -1.0000 0.0000
      outer loop
         vertex 3.1750 4.2200 -1.8000
         vertex 3.8250 4.2200 0.6800
         vertex 3.1750 4.2200 0.6800
      endloop
   endfacet
   facet normal 0.0000 -1.0000 0.0000
      outer loop
         vertex 0.6750 4.2200 -1.8000
         vertex 1.3250 4.2200 0.6800
         vertex 0.6750 4.2200 0.6800
      endloop
   endfacet
   facet normal 0.0000 -1.0000 0.0000
      outer loop
         vertex -1.3250 4.2200 -1.8000
         vertex -0.6750 4.2200 0.6800
         vertex -1.3250 4.2200 0.6800
      endloop
   endfacet
   facet normal 0.0000 -1.0000 0.0000
      outer loop
         vertex -0.6750 4.2200 -1.8000
         vertex -3.8250 4.2200 -5.9350
         vertex 0.6750 4.2200 -1.8000
      endloop
   endfacet
   facet normal 0.0000 1.0000 0.0000
      outer loop
         vertex 3.1750 4.4800 0.7429
         vertex 3.8250 4.4800 0.7429
         vertex 3.1750 4.4800 -1.8000
      endloop
   endfacet
   facet normal 0.0000 1.0000 0.0000
      outer loop
         vertex 3.1750 4.4800 -1.8000
         vertex 3.8250 4.4800 0.7429
         vertex 3.8250 4.4800 -6.1850
      endloop
   endfacet
   facet normal 0.0000 1.0000 0.0000
      outer loop
         vertex 3.1750 4.4800 -1.8000
         vertex 3.8250 4.4800 -6.1850
         vertex 1.3250 4.4800 -1.8000
      endloop
   endfacet
   facet normal 0.0000 1.0000 0.0000
      outer loop
         vertex 1.3250 4.4800 -1.8000
         vertex 3.8250 4.4800 -6.1850
         vertex 0.6750 4.4800 -1.8000
      endloop
   endfacet
   facet normal 0.0000 1.0000 0.0000
      outer loop
         vertex 1.3250 4.4800 -1.8000
         vertex 0.6750 4.4800 -1.8000
         vertex 0.6750 4.4800 0.7429
      endloop
   endfacet
   facet normal 0.0000 1.0000 0.0000
      outer loop
         vertex -1.3250 4.4800 0.7429
         vertex -0.6750 4.4800 -1.8000
         vertex -1.3250 4.4800 -1.8000
      endloop
   endfacet
   facet normal 0.0000 1.0000 0.0000
      outer loop
         vertex -1.3250 4.4800 -1.8000
         vertex -0.6750 4.4800 -1.8000
         vertex 3.8250 4.4800 -6.1850
      endloop
   endfacet
   facet normal 0.0000 1.0000 0.0000
      outer loop
         vertex -1.3250 4.4800 -1.8000
         vertex 3.8250 4.4800 -6.1850
         vertex -3.1750 4.4800 -1.8000
      endloop
   endfacet
   facet normal 0.0000 1.0000 0.0000
      outer loop
         vertex -3.1750 4.4800 -1.8000
         vertex 3.8250 4.4800 -6.1850
         vertex -3.8250 4.4800 -6.1850
      endloop
   endfacet
   facet normal 0.0000 1.0000 0.0000
      outer loop
         vertex -3.1750 4.4800 -1.8000
         vertex -3.8250 4.4800 -6.1850
         vertex -3.8250 4.4800 0.7429
      endloop
   endfacet
   facet normal 0.0000 1.0000 0.0000
      outer loop
         vertex -3.1750 4.4800 -1.8000
         vertex -3.8250 4.4800 0.7429
         vertex -3.1750 4.4800 0.7429
      endloop
   endfacet
   facet normal 0.0000 1.0000 0.0000
      outer loop
         vertex -0.6750 4.4800 -1.8000
         vertex -1.3250 4.4800 0.7429
         vertex -0.6750 4.4800 0.7429
      endloop
   endfacet
   facet normal 0.0000 1.0000 0.0000
      outer loop
         vertex 1.3250 4.4800 -1.8000
         vertex 0.6750 4.4800 0.7429
         vertex 1.3250 4.4800 0.7429
      endloop
   endfacet
   facet normal 0.0000 1.0000 0.0000
      outer loop
         vertex 0.6750 4.4800 -1.8000
         vertex 3.8250 4.4800 -6.1850
         vertex -0.6750 4.4800 -1.8000
      endloop
   endfacet
   facet normal 1.0000 0.0000 0.0000
      outer loop
         vertex -0.6750 4.4800 0.7429
         vertex -0.6750 3.7001 2.2603
         vertex -0.6750 4.2200 0.6800
      endloop
   endfacet
   facet normal 1.0000 0.0000 0.0000
      outer loop
         vertex -0.6750 4.2200 0.6800
         vertex -0.6750 3.7001 2.2603
         vertex -0.6750 3.5478 2.6550
      endloop
   endfacet
   facet normal 1.0000 0.0000 0.0000
      outer loop
         vertex -0.6750 4.2200 0.6800
         vertex -0.6750 3.5478 2.6550
         vertex -0.6750 3.4688 2.1415
      endloop
   endfacet
   facet normal 1.0000 0.0000 0.0000
      outer loop
         vertex -0.6750 3.4688 2.1415
         vertex -0.6750 3.5478 2.6550
         vertex -0.6750 3.4800 3.1700
      endloop
   endfacet
   facet normal 1.0000 0.0000 0.0000
      outer loop
         vertex -0.6750 3.4688 2.1415
         vertex -0.6750 3.4800 3.1700
         vertex -0.6750 3.4688 4.1985
      endloop
   endfacet
   facet normal 1.0000 0.0000 0.0000
      outer loop
         vertex -0.6750 3.4688 4.1985
         vertex -0.6750 3.4800 3.1700
         vertex -0.6750 3.5478 3.6851
      endloop
   endfacet
   facet normal 1.0000 0.0000 0.0000
      outer loop
         vertex -0.6750 3.4688 4.1985
         vertex -0.6750 3.5478 3.6851
         vertex -0.6750 4.2200 5.6600
      endloop
   endfacet
   facet normal 1.0000 0.0000 0.0000
      outer loop
         vertex -0.6750 4.2200 5.6600
         vertex -0.6750 3.5478 3.6851
         vertex -0.6750 3.7001 4.0797
      endloop
   endfacet
   facet normal 1.0000 0.0000 0.0000
      outer loop
         vertex -0.6750 4.2200 5.6600
         vertex -0.6750 3.7001 4.0797
         vertex -0.6750 4.4512 5.5411
      endloop
   endfacet
   facet normal 1.0000 0.0000 0.0000
      outer loop
         vertex -0.6750 4.2200 0.6800
         vertex -0.6750 4.2200 -1.8000
         vertex -0.6750 4.4800 -1.8000
      endloop
   endfacet
   facet normal 1.0000 0.0000 0.0000
      outer loop
         vertex -0.6750 4.2200 0.6800
         vertex -0.6750 4.4800 -1.8000
         vertex -0.6750 4.4800 0.7429
      endloop
   endfacet
   facet normal 1.0000 0.0000 0.0000
      outer loop
         vertex -0.6750 3.2967 3.7523
         vertex -0.6750 3.2200 3.1700
         vertex -0.6750 3.2967 2.5877
      endloop
   endfacet
   facet normal 1.0000 0.0000 0.0000
      outer loop
         vertex -0.6750 3.2967 3.7523
         vertex -0.6750 3.2967 2.5877
         vertex -0.6750 3.4688 2.1415
      endloop
   endfacet
   facet normal 1.0000 0.0000 0.0000
      outer loop
         vertex -0.6750 3.2967 3.7523
         vertex -0.6750 3.4688 2.1415
         vertex -0.6750 3.4688 4.1985
      endloop
   endfacet
   facet normal 1.0000 0.0000 0.0000
      outer loop
         vertex -3.1750 4.4800 0.7429
         vertex -3.1750 3.7001 2.2603
         vertex -3.1750 4.2200 0.6800
      endloop
   endfacet
   facet normal 1.0000 0.0000 0.0000
      outer loop
         vertex -3.1750 4.2200 0.6800
         vertex -3.1750 3.7001 2.2603
         vertex -3.1750 3.5478 2.6550
      endloop
   endfacet
   facet normal 1.0000 0.0000 0.0000
      outer loop
         vertex -3.1750 4.2200 0.6800
         vertex -3.1750 3.5478 2.6550
         vertex -3.1750 3.4688 2.1415
      endloop
   endfacet
   facet normal 1.0000 0.0000 0.0000
      outer loop
         vertex -3.1750 3.4688 2.1415
         vertex -3.1750 3.5478 2.6550
         vertex -3.1750 3.4800 3.1700
      endloop
   endfacet
   facet normal 1.0000 0.0000 0.0000
      outer loop
         vertex -3.1750 3.4688 2.1415
         vertex -3.1750 3.4800 3.1700
         vertex -3.1750 3.4688 4.1985
      endloop
   endfacet
   facet normal 1.0000 0.0000 0.0000
      outer loop
         vertex -3.1750 3.4688 4.1985
         vertex -3.1750 3.4800 3.1700
         vertex -3.1750 3.5478 3.6851
      endloop
   endfacet
   facet normal 1.0000 0.0000 0.0000
      outer loop
         vertex -3.1750 3.4688 4.1985
         vertex -3.1750 3.5478 3.6851
         vertex -3.1750 4.2200 5.6600
      endloop
   endfacet
   facet normal 1.0000 0.0000 0.0000
      outer loop
         vertex -3.1750 4.2200 5.6600
         vertex -3.1750 3.5478 3.6851
         vertex -3.1750 3.7001 4.0797
      endloop
   endfacet
   facet normal 1.0000 0.0000 0.0000
      outer loop
         vertex -3.1750 4.2200 5.6600
         vertex -3.1750 3.7001 4.0797
         vertex -3.1750 4.4512 5.5411
      endloop
   endfacet
   facet normal 1.0000 0.0000 0.0000
      outer loop
         vertex -3.1750 4.2200 0.6800
         vertex -3.1750 4.2200 -1.8000
         vertex -3.1750 4.4800 -1.8000
      endloop
   endfacet
   facet normal 1.0000 0.0000 0.0000
      outer loop
         vertex -3.1750 4.2200 0.6800
         vertex -3.1750 4.4800 -1.8000
         vertex -3.1750 4.4800 0.7429
      endloop
   endfacet
   facet normal 1.0000 0.0000 0.0000
      outer loop
         vertex -3.1750 3.2967 3.7523
         vertex -3.1750 3.2200 3.1700
         vertex -3.1750 3.2967 2.5877
      endloop
   endfacet
   facet normal 1.0000 0.0000 0.0000
      outer loop
         vertex -3.1750 3.2967 3.7523
         vertex -3.1750 3.2967 2.5877
         vertex -3.1750 3.4688 2.1415
      endloop
   endfacet
   facet normal 1.0000 0.0000 0.0000
      outer loop
         vertex -3.1750 3.2967 3.7523
         vertex -3.1750 3.4688 2.1415
         vertex -3.1750 3.4688 4.1985
      endloop
   endfacet
   facet normal -1.0000 0.0000 0.0000
      outer loop
         vertex -1.3250 3.5478 2.6550
         vertex -1.3250 3.7001 2.2603
         vertex -1.3250 4.2200 0.6800
      endloop
   endfacet
   facet normal -1.0000 0.0000 0.0000
      outer loop
         vertex -1.3250 4.2200 0.6800
         vertex -1.3250 3.7001 2.2603
         vertex -1.3250 4.4800 0.7429
      endloop
   endfacet
   facet normal -1.0000 0.0000 0.0000
      outer loop
         vertex -1.3250 4.2200 0.6800
         vertex -1.3250 4.4800 0.7429
         vertex -1.3250 4.2200 -1.8000
      endloop
   endfacet
   facet normal -1.0000 0.0000 0.0000
      outer loop
         vertex -1.3250 4.2200 -1.8000
         vertex -1.3250 4.4800 0.7429
         vertex -1.3250 4.4800 -1.8000
      endloop
   endfacet
   facet normal -1.0000 0.0000 0.0000
      outer loop
         vertex -1.3250 4.4512 5.5411
         vertex -1.3250 3.7001 4.0797
         vertex -1.3250 4.2200 5.6600
      endloop
   endfacet
   facet normal -1.0000 0.0000 0.0000
      outer loop
         vertex -1.3250 4.2200 5.6600
         vertex -1.3250 3.7001 4.0797
         vertex -1.3250 3.5478 3.6851
      endloop
   endfacet
   facet normal -1.0000 0.0000 0.0000
      outer loop
         vertex -1.3250 4.2200 5.6600
         vertex -1.3250 3.5478 3.6851
         vertex -1.3250 3.4688 4.1985
      endloop
   endfacet
   facet normal -1.0000 0.0000 0.0000
      outer loop
         vertex -1.3250 3.4688 4.1985
         vertex -1.3250 3.5478 3.6851
         vertex -1.3250 3.4800 3.1700
      endloop
   endfacet
   facet normal -1.0000 0.0000 0.0000
      outer loop
         vertex -1.3250 3.4688 4.1985
         vertex -1.3250 3.4800 3.1700
         vertex -1.3250 3.4688 2.1415
      endloop
   endfacet
   facet normal -1.0000 0.0000 0.0000
      outer loop
         vertex -1.3250 3.4688 2.1415
         vertex -1.3250 3.4800 3.1700
         vertex -1.3250 3.5478 2.6550
      endloop
   endfacet
   facet normal -1.0000 0.0000 0.0000
      outer loop
         vertex -1.3250 3.4688 2.1415
         vertex -1.3250 3.5478 2.6550
         vertex -1.3250 4.2200 0.6800
      endloop
   endfacet
   facet normal -1.0000 0.0000 0.0000
      outer loop
         vertex -1.3250 3.2967 2.5877
         vertex -1.3250 3.2200 3.1700
         vertex -1.3250 3.2967 3.7523
      endloop
   endfacet
   facet normal -1.0000 0.0000 0.0000
      outer loop
         vertex -1.3250 3.2967 2.5877
         vertex -1.3250 3.2967 3.7523
         vertex -1.3250 3.4688 4.1985
      endloop
   endfacet
   facet normal -1.0000 0.0000 0.0000
      outer loop
         vertex -1.3250 3.2967 2.5877
         vertex -1.3250 3.4688 4.1985
         vertex -1.3250 3.4688 2.1415
      endloop
   endfacet
   facet normal -1.0000 0.0000 0.0000
      outer loop
         vertex 3.1750 3.5478 2.6550
         vertex 3.1750 3.7001 2.2603
         vertex 3.1750 4.2200 0.6800
      endloop
   endfacet
   facet normal -1.0000 0.0000 0.0000
      outer loop
         vertex 3.1750 4.2200 0.6800
         vertex 3.1750 3.7001 2.2603
         vertex 3.1750 4.4800 0.7429
      endloop
   endfacet
   facet normal -1.0000 0.0000 0.0000
      outer loop
         vertex 3.1750 4.2200 0.6800
         vertex 3.1750 4.4800 0.7429
         vertex 3.1750 4.2200 -1.8000
      endloop
   endfacet
   facet normal -1.0000 0.0000 0.0000
      outer loop
         vertex 3.1750 4.2200 -1.8000
         vertex 3.1750 4.4800 0.7429
         vertex 3.1750 4.4800 -1.8000
      endloop
   endfacet
   facet normal -1.0000 0.0000 0.0000
      outer loop
         vertex 3.1750 4.4512 5.5411
         vertex 3.1750 3.7001 4.0797
         vertex 3.1750 4.2200 5.6600
      endloop
   endfacet
   facet normal -1.0000 0.0000 0.0000
      outer loop
         vertex 3.1750 4.2200 5.6600
         vertex 3.1750 3.7001 4.0797
         vertex 3.1750 3.5478 3.6851
      endloop
   endfacet
   facet normal -1.0000 0.0000 0.0000
      outer loop
         vertex 3.1750 4.2200 5.6600
         vertex 3.1750 3.5478 3.6851
         vertex 3.1750 3.4688 4.1985
      endloop
   endfacet
   facet normal -1.0000 0.0000 0.0000
      outer loop
         vertex 3.1750 3.4688 4.1985
         vertex 3.1750 3.5478 3.6851
         vertex 3.1750 3.4800 3.1700
      endloop
   endfacet
   facet normal -1.0000 0.0000 0.0000
      outer loop
         vertex 3.1750 3.4688 4.1985
         vertex 3.1750 3.4800 3.1700
         vertex 3.1750 3.4688 2.1415
      endloop
   endfacet
   facet normal -1.0000 0.0000 0.0000
      outer loop
         vertex 3.1750 3.4688 2.1415
         vertex 3.1750 3.4800 3.1700
         vertex 3.1750 3.5478 2.6550
      endloop
   endfacet
   facet normal -1.0000 0.0000 0.0000
      outer loop
         vertex 3.1750 3.4688 2.1415
         vertex 3.1750 3.5478 2.6550
         vertex 3.1750 4.2200 0.6800
      endloop
   endfacet
   facet normal -1.0000 0.0000 0.0000
      outer loop
         vertex 3.1750 3.2967 2.5877
         vertex 3.1750 3.2200 3.1700
         vertex 3.1750 3.2967 3.7523
      endloop
   endfacet
   facet normal -1.0000 0.0000 0.0000
      outer loop
         vertex 3.1750 3.2967 2.5877
         vertex 3.1750 3.2967 3.7523
         vertex 3.1750 3.4688 4.1985
      endloop
   endfacet
   facet normal -1.0000 0.0000 0.0000
      outer loop
         vertex 3.1750 3.2967 2.5877
         vertex 3.1750 3.4688 4.1985
         vertex 3.1750 3.4688 2.1415
      endloop
   endfacet
   facet normal 1.0000 0.0000 0.0000
      outer loop
         vertex 1.3250 4.4800 0.7429
         vertex 1.3250 3.7001 2.2603
         vertex 1.3250 4.2200 0.6800
      endloop
   endfacet
   facet normal 1.0000 0.0000 0.0000
      outer loop
         vertex 1.3250 4.2200 0.6800
         vertex 1.3250 3.7001 2.2603
         vertex 1.3250 3.5478 2.6550
      endloop
   endfacet
   facet normal 1.0000 0.0000 0.0000
      outer loop
         vertex 1.3250 4.2200 0.6800
         vertex 1.3250 3.5478 2.6550
         vertex 1.3250 3.4688 2.1415
      endloop
   endfacet
   facet normal 1.0000 0.0000 0.0000
      outer loop
         vertex 1.3250 3.4688 2.1415
         vertex 1.3250 3.5478 2.6550
         vertex 1.3250 3.4800 3.1700
      endloop
   endfacet
   facet normal 1.0000 0.0000 0.0000
      outer loop
         vertex 1.3250 3.4688 2.1415
         vertex 1.3250 3.4800 3.1700
         vertex 1.3250 3.4688 4.1985
      endloop
   endfacet
   facet normal 1.0000 0.0000 0.0000
      outer loop
         vertex 1.3250 3.4688 4.1985
         vertex 1.3250 3.4800 3.1700
         vertex 1.3250 3.5478 3.6851
      endloop
   endfacet
   facet normal 1.0000 0.0000 0.0000
      outer loop
         vertex 1.3250 3.4688 4.1985
         vertex 1.3250 3.5478 3.6851
         vertex 1.3250 4.2200 5.6600
      endloop
   endfacet
   facet normal 1.0000 0.0000 0.0000
      outer loop
         vertex 1.3250 4.2200 5.6600
         vertex 1.3250 3.5478 3.6851
         vertex 1.3250 3.7001 4.0797
      endloop
   endfacet
   facet normal 1.0000 0.0000 0.0000
      outer loop
         vertex 1.3250 4.2200 5.6600
         vertex 1.3250 3.7001 4.0797
         vertex 1.3250 4.4512 5.5411
      endloop
   endfacet
   facet normal 1.0000 0.0000 0.0000
      outer loop
         vertex 1.3250 4.2200 0.6800
         vertex 1.3250 4.2200 -1.8000
         vertex 1.3250 4.4800 -1.8000
      endloop
   endfacet
   facet normal 1.0000 0.0000 0.0000
      outer loop
         vertex 1.3250 4.2200 0.6800
         vertex 1.3250 4.4800 -1.8000
         vertex 1.3250 4.4800 0.7429
      endloop
   endfacet
   facet normal 1.0000 0.0000 0.0000
      outer loop
         vertex 1.3250 3.2967 3.7523
         vertex 1.3250 3.2200 3.1700
         vertex 1.3250 3.2967 2.5877
      endloop
   endfacet
   facet normal 1.0000 0.0000 0.0000
      outer loop
         vertex 1.3250 3.2967 3.7523
         vertex 1.3250 3.2967 2.5877
         vertex 1.3250 3.4688 2.1415
      endloop
   endfacet
   facet normal 1.0000 0.0000 0.0000
      outer loop
         vertex 1.3250 3.2967 3.7523
         vertex 1.3250 3.4688 2.1415
         vertex 1.3250 3.4688 4.1985
      endloop
   endfacet
   facet normal -1.0000 0.0000 0.0000
      outer loop
         vertex 0.6750 3.5478 2.6550
         vertex 0.6750 3.7001 2.2603
         vertex 0.6750 4.2200 0.6800
      endloop
   endfacet
   facet normal -1.0000 0.0000 0.0000
      outer loop
         vertex 0.6750 4.2200 0.6800
         vertex 0.6750 3.7001 2.2603
         vertex 0.6750 4.4800 0.7429
      endloop
   endfacet
   facet normal -1.0000 0.0000 0.0000
      outer loop
         vertex 0.6750 4.2200 0.6800
         vertex 0.6750 4.4800 0.7429
         vertex 0.6750 4.2200 -1.8000
      endloop
   endfacet
   facet normal -1.0000 0.0000 0.0000
      outer loop
         vertex 0.6750 4.2200 -1.8000
         vertex 0.6750 4.4800 0.7429
         vertex 0.6750 4.4800 -1.8000
      endloop
   endfacet
   facet normal -1.0000 0.0000 0.0000
      outer loop
         vertex 0.6750 4.4512 5.5411
         vertex 0.6750 3.7001 4.0797
         vertex 0.6750 4.2200 5.6600
      endloop
   endfacet
   facet normal -1.0000 0.0000 0.0000
      outer loop
         vertex 0.6750 4.2200 5.6600
         vertex 0.6750 3.7001 4.0797
         vertex 0.6750 3.5478 3.6851
      endloop
   endfacet
   facet normal -1.0000 0.0000 0.0000
      outer loop
         vertex 0.6750 4.2200 5.6600
         vertex 0.6750 3.5478 3.6851
         vertex 0.6750 3.4688 4.1985
      endloop
   endfacet
   facet normal -1.0000 0.0000 0.0000
      outer loop
         vertex 0.6750 3.4688 4.1985
         vertex 0.6750 3.5478 3.6851
         vertex 0.6750 3.4800 3.1700
      endloop
   endfacet
   facet normal -1.0000 0.0000 0.0000
      outer loop
         vertex 0.6750 3.4688 4.1985
         vertex 0.6750 3.4800 3.1700
         vertex 0.6750 3.4688 2.1415
      endloop
   endfacet
   facet normal -1.0000 0.0000 0.0000
      outer loop
         vertex 0.6750 3.4688 2.1415
         vertex 0.6750 3.4800 3.1700
         vertex 0.6750 3.5478 2.6550
      endloop
   endfacet
   facet normal -1.0000 0.0000 0.0000
      outer loop
         vertex 0.6750 3.4688 2.1415
         vertex 0.6750 3.5478 2.6550
         vertex 0.6750 4.2200 0.6800
      endloop
   endfacet
   facet normal -1.0000 0.0000 0.0000
      outer loop
         vertex 0.6750 3.2967 2.5877
         vertex 0.6750 3.2200 3.1700
         vertex 0.6750 3.2967 3.7523
      endloop
   endfacet
   facet normal -1.0000 0.0000 0.0000
      outer loop
         vertex 0.6750 3.2967 2.5877
         vertex 0.6750 3.2967 3.7523
         vertex 0.6750 3.4688 4.1985
      endloop
   endfacet
   facet normal -1.0000 0.0000 0.0000
      outer loop
         vertex 0.6750 3.2967 2.5877
         vertex 0.6750 3.4688 4.1985
         vertex 0.6750 3.4688 2.1415
      endloop
   endfacet
   facet normal 0.0000 -0.8894 -0.4571
      outer loop
         vertex 1.3250 3.4688 2.1415
         vertex 0.6750 3.4688 2.1415
         vertex 0.6750 4.2200 0.6800
      endloop
   endfacet
   facet normal 0.0000 -0.8894 -0.4571
      outer loop
         vertex 1.3250 3.4688 2.1415
         vertex 0.6750 4.2200 0.6800
         vertex 1.3250 4.2200 0.6800
      endloop
   endfacet
   facet normal 0.0000 -0.8894 -0.4571
      outer loop
         vertex 3.8250 3.4688 2.1415
         vertex 3.1750 3.4688 2.1415
         vertex 3.1750 4.2200 0.6800
      endloop
   endfacet
   facet normal 0.0000 -0.8894 -0.4571
      outer loop
         vertex 3.8250 3.4688 2.1415
         vertex 3.1750 4.2200 0.6800
         vertex 3.8250 4.2200 0.6800
      endloop
   endfacet
   facet normal 0.0000 -0.8894 -0.4571
      outer loop
         vertex -0.6750 3.4688 2.1415
         vertex -1.3250 3.4688 2.1415
         vertex -1.3250 4.2200 0.6800
      endloop
   endfacet
   facet normal 0.0000 -0.8894 -0.4571
      outer loop
         vertex -0.6750 3.4688 2.1415
         vertex -1.3250 4.2200 0.6800
         vertex -0.6750 4.2200 0.6800
      endloop
   endfacet
   facet normal 0.0000 -0.8894 -0.4571
      outer loop
         vertex -3.8250 3.4688 2.1415
         vertex -3.8250 4.2200 0.6800
         vertex -3.1750 4.2200 0.6800
      endloop
   endfacet
   facet normal 0.0000 -0.8894 -0.4571
      outer loop
         vertex -3.8250 3.4688 2.1415
         vertex -3.1750 4.2200 0.6800
         vertex -3.1750 3.4688 2.1415
      endloop
   endfacet
   facet normal 0.0000 -0.9966 -0.0830
      outer loop
         vertex 1.3250 3.2200 3.1700
         vertex 0.6750 3.2200 3.1700
         vertex 0.6750 3.2967 2.5877
      endloop
   endfacet
   facet normal 0.0000 -0.9861 -0.1659
      outer loop
         vertex 1.3250 3.2200 3.1700
         vertex 0.6750 3.2967 2.5877
         vertex 1.3250 3.2967 2.5877
      endloop
   endfacet
   facet normal 0.0000 -0.9966 -0.0830
      outer loop
         vertex 3.8250 3.2200 3.1700
         vertex 3.1750 3.2200 3.1700
         vertex 3.1750 3.2967 2.5877
      endloop
   endfacet
   facet normal 0.0000 -0.9861 -0.1659
      outer loop
         vertex 3.8250 3.2200 3.1700
         vertex 3.1750 3.2967 2.5877
         vertex 3.8250 3.2967 2.5877
      endloop
   endfacet
   facet normal 0.0000 -0.9966 -0.0830
      outer loop
         vertex -0.6750 3.2200 3.1700
         vertex -1.3250 3.2200 3.1700
         vertex -1.3250 3.2967 2.5877
      endloop
   endfacet
   facet normal 0.0000 -0.9861 -0.1659
      outer loop
         vertex -0.6750 3.2200 3.1700
         vertex -1.3250 3.2967 2.5877
         vertex -0.6750 3.2967 2.5877
      endloop
   endfacet
   facet normal 0.0000 -0.9861 -0.1659
      outer loop
         vertex -3.8250 3.2200 3.1700
         vertex -3.8250 3.2967 2.5877
         vertex -3.1750 3.2967 2.5877
      endloop
   endfacet
   facet normal 0.0000 -0.9966 -0.0830
      outer loop
         vertex -3.8250 3.2200 3.1700
         vertex -3.1750 3.2967 2.5877
         vertex -3.1750 3.2200 3.1700
      endloop
   endfacet
   facet normal 0.0000 -0.9861 0.1659
      outer loop
         vertex 1.3250 3.2200 3.1700
         vertex 1.3250 3.2967 3.7523
         vertex 0.6750 3.2967 3.7523
      endloop
   endfacet
   facet normal 0.0000 -0.9966 0.0830
      outer loop
         vertex 1.3250 3.2200 3.1700
         vertex 0.6750 3.2967 3.7523
         vertex 0.6750 3.2200 3.1700
      endloop
   endfacet
   facet normal 0.0000 -0.9861 0.1659
      outer loop
         vertex 3.8250 3.2200 3.1700
         vertex 3.8250 3.2967 3.7523
         vertex 3.1750 3.2967 3.7523
      endloop
   endfacet
   facet normal 0.0000 -0.9966 0.0830
      outer loop
         vertex 3.8250 3.2200 3.1700
         vertex 3.1750 3.2967 3.7523
         vertex 3.1750 3.2200 3.1700
      endloop
   endfacet
   facet normal 0.0000 -0.9861 0.1659
      outer loop
         vertex -0.6750 3.2200 3.1700
         vertex -0.6750 3.2967 3.7523
         vertex -1.3250 3.2967 3.7523
      endloop
   endfacet
   facet normal 0.0000 -0.9966 0.0830
      outer loop
         vertex -0.6750 3.2200 3.1700
         vertex -1.3250 3.2967 3.7523
         vertex -1.3250 3.2200 3.1700
      endloop
   endfacet
   facet normal 0.0000 -0.9861 0.1659
      outer loop
         vertex -3.1750 3.2200 3.1700
         vertex -3.1750 3.2967 3.7523
         vertex -3.8250 3.2967 3.7523
      endloop
   endfacet
   facet normal 0.0000 -0.9966 0.0830
      outer loop
         vertex -3.1750 3.2200 3.1700
         vertex -3.8250 3.2967 3.7523
         vertex -3.8250 3.2200 3.1700
      endloop
   endfacet
   facet normal 0.0000 0.0000 1.0000
      outer loop
         vertex 3.8250 4.2200 -5.9350
         vertex -3.8250 4.2200 -5.9350
         vertex -3.1750 2.8000 -5.9350
      endloop
   endfacet
   facet normal 0.0000 0.0000 1.0000
      outer loop
         vertex 3.8250 4.2200 -5.9350
         vertex -3.1750 2.8000 -5.9350
         vertex -1.3250 2.8000 -5.9350
      endloop
   endfacet
   facet normal 0.0000 0.0000 1.0000
      outer loop
         vertex 3.8250 4.2200 -5.9350
         vertex -1.3250 2.8000 -5.9350
         vertex -0.6750 2.8000 -5.9350
      endloop
   endfacet
   facet normal 0.0000 0.0000 1.0000
      outer loop
         vertex 3.8250 4.2200 -5.9350
         vertex -0.6750 2.8000 -5.9350
         vertex 0.6750 2.8000 -5.9350
      endloop
   endfacet
   facet normal 0.0000 0.0000 1.0000
      outer loop
         vertex 3.8250 4.2200 -5.9350
         vertex 0.6750 2.8000 -5.9350
         vertex 1.3250 2.8000 -5.9350
      endloop
   endfacet
   facet normal 0.0000 0.0000 1.0000
      outer loop
         vertex 3.8250 4.2200 -5.9350
         vertex 1.3250 2.8000 -5.9350
         vertex 3.1750 2.8000 -5.9350
      endloop
   endfacet
   facet normal 0.0000 0.0000 1.0000
      outer loop
         vertex 3.8250 4.2200 -5.9350
         vertex 3.1750 2.8000 -5.9350
         vertex 3.8250 -3.0200 -5.9350
      endloop
   endfacet
   facet normal 0.0000 0.0000 1.0000
      outer loop
         vertex 0.6750 2.8000 -5.9350
         vertex 0.6750 -3.0200 -5.9350
         vertex 1.3250 -3.0200 -5.9350
      endloop
   endfacet
   facet normal 0.0000 0.0000 1.0000
      outer loop
         vertex 0.6750 2.8000 -5.9350
         vertex 1.3250 -3.0200 -5.9350
         vertex 1.3250 2.8000 -5.9350
      endloop
   endfacet
   facet normal 0.0000 0.0000 1.0000
      outer loop
         vertex -1.3250 2.8000 -5.9350
         vertex -1.3250 -3.0200 -5.9350
         vertex -0.6750 -3.0200 -5.9350
      endloop
   endfacet
   facet normal 0.0000 0.0000 1.0000
      outer loop
         vertex -1.3250 2.8000 -5.9350
         vertex -0.6750 -3.0200 -5.9350
         vertex -0.6750 2.8000 -5.9350
      endloop
   endfacet
   facet normal 0.0000 0.0000 1.0000
      outer loop
         vertex -3.8250 4.2200 -5.9350
         vertex -3.8250 -3.0200 -5.9350
         vertex -3.1750 -3.0200 -5.9350
      endloop
   endfacet
   facet normal 0.0000 0.0000 1.0000
      outer loop
         vertex -3.8250 4.2200 -5.9350
         vertex -3.1750 -3.0200 -5.9350
         vertex -3.1750 2.8000 -5.9350
      endloop
   endfacet
   facet normal 0.0000 0.0000 1.0000
      outer loop
         vertex 3.8250 -3.0200 -5.9350
         vertex 3.1750 2.8000 -5.9350
         vertex 3.1750 -3.0200 -5.9350
      endloop
   endfacet
   facet normal 0.0000 0.0000 -1.0000
      outer loop
         vertex -3.1750 2.8000 -6.1850
         vertex -3.1750 -3.0200 -6.1850
         vertex -3.8250 -3.0200 -6.1850
      endloop
   endfacet
   facet normal 0.0000 0.0000 -1.0000
      outer loop
         vertex -3.1750 2.8000 -6.1850
         vertex -3.8250 -3.0200 -6.1850
         vertex -3.8250 4.4800 -6.1850
      endloop
   endfacet
   facet normal 0.0000 0.0000 -1.0000
      outer loop
         vertex -3.1750 2.8000 -6.1850
         vertex -3.8250 4.4800 -6.1850
         vertex 3.8250 4.4800 -6.1850
      endloop
   endfacet
   facet normal 0.0000 0.0000 -1.0000
      outer loop
         vertex -3.1750 2.8000 -6.1850
         vertex 3.8250 4.4800 -6.1850
         vertex -1.3250 2.8000 -6.1850
      endloop
   endfacet
   facet normal 0.0000 0.0000 -1.0000
      outer loop
         vertex -0.6750 2.8000 -6.1850
         vertex -0.6750 -3.0200 -6.1850
         vertex -1.3250 -3.0200 -6.1850
      endloop
   endfacet
   facet normal 0.0000 0.0000 -1.0000
      outer loop
         vertex -0.6750 2.8000 -6.1850
         vertex -1.3250 -3.0200 -6.1850
         vertex -1.3250 2.8000 -6.1850
      endloop
   endfacet
   facet normal 0.0000 0.0000 -1.0000
      outer loop
         vertex -0.6750 2.8000 -6.1850
         vertex -1.3250 2.8000 -6.1850
         vertex 3.8250 4.4800 -6.1850
      endloop
   endfacet
   facet normal 0.0000 0.0000 -1.0000
      outer loop
         vertex -0.6750 2.8000 -6.1850
         vertex 3.8250 4.4800 -6.1850
         vertex 0.6750 2.8000 -6.1850
      endloop
   endfacet
   facet normal 0.0000 0.0000 -1.0000
      outer loop
         vertex 1.3250 2.8000 -6.1850
         vertex 1.3250 -3.0200 -6.1850
         vertex 0.6750 -3.0200 -6.1850
      endloop
   endfacet
   facet normal 0.0000 0.0000 -1.0000
      outer loop
         vertex 1.3250 2.8000 -6.1850
         vertex 0.6750 -3.0200 -6.1850
         vertex 0.6750 2.8000 -6.1850
      endloop
   endfacet
   facet normal 0.0000 0.0000 -1.0000
      outer loop
         vertex 1.3250 2.8000 -6.1850
         vertex 0.6750 2.8000 -6.1850
         vertex 3.8250 4.4800 -6.1850
      endloop
   endfacet
   facet normal 0.0000 0.0000 -1.0000
      outer loop
         vertex 1.3250 2.8000 -6.1850
         vertex 3.8250 4.4800 -6.1850
         vertex 3.1750 2.8000 -6.1850
      endloop
   endfacet
   facet normal 0.0000 0.0000 -1.0000
      outer loop
         vertex 3.1750 -3.0200 -6.1850
         vertex 3.1750 2.8000 -6.1850
         vertex 3.8250 4.4800 -6.1850
      endloop
   endfacet
   facet normal 0.0000 0.0000 -1.0000
      outer loop
         vertex 3.1750 -3.0200 -6.1850
         vertex 3.8250 4.4800 -6.1850
         vertex 3.8250 -3.0200 -6.1850
      endloop
   endfacet
   facet normal 0.0000 -1.0000 0.0000
      outer loop
         vertex 1.3250 -3.0200 -5.9350
         vertex 0.6750 -3.0200 -5.9350
         vertex 0.6750 -3.0200 -6.1850
      endloop
   endfacet
   facet normal 0.0000 -1.0000 0.0000
      outer loop
         vertex 1.3250 -3.0200 -5.9350
         vertex 0.6750 -3.0200 -6.1850
         vertex 1.3250 -3.0200 -6.1850
      endloop
   endfacet
   facet normal 0.0000 -1.0000 0.0000
      outer loop
         vertex 3.8250 -3.0200 -5.9350
         vertex 3.1750 -3.0200 -5.9350
         vertex 3.1750 -3.0200 -6.1850
      endloop
   endfacet
   facet normal 0.0000 -1.0000 0.0000
      outer loop
         vertex 3.8250 -3.0200 -5.9350
         vertex 3.1750 -3.0200 -6.1850
         vertex 3.8250 -3.0200 -6.1850
      endloop
   endfacet
   facet normal 0.0000 -1.0000 0.0000
      outer loop
         vertex -0.6750 -3.0200 -5.9350
         vertex -1.3250 -3.0200 -5.9350
         vertex -1.3250 -3.0200 -6.1850
      endloop
   endfacet
   facet normal 0.0000 -1.0000 0.0000
      outer loop
         vertex -0.6750 -3.0200 -5.9350
         vertex -1.3250 -3.0200 -6.1850
         vertex -0.6750 -3.0200 -6.1850
      endloop
   endfacet
   facet normal 0.0000 -1.0000 0.0000
      outer loop
         vertex -3.8250 -3.0200 -5.9350
         vertex -3.8250 -3.0200 -6.1850
         vertex -3.1750 -3.0200 -6.1850
      endloop
   endfacet
   facet normal 0.0000 -1.0000 0.0000
      outer loop
         vertex -3.8250 -3.0200 -5.9350
         vertex -3.1750 -3.0200 -6.1850
         vertex -3.1750 -3.0200 -5.9350
      endloop
   endfacet
   facet normal 1.0000 0.0000 0.0000
      outer loop
         vertex -0.6750 2.8000 -5.9350
         vertex -0.6750 -3.0200 -5.9350
         vertex -0.6750 -3.0200 -6.1850
      endloop
   endfacet
   facet normal 1.0000 0.0000 0.0000
      outer loop
         vertex -0.6750 2.8000 -5.9350
         vertex -0.6750 -3.0200 -6.1850
         vertex -0.6750 2.8000 -6.1850
      endloop
   endfacet
   facet normal 1.0000 0.0000 0.0000
      outer loop
         vertex -3.1750 2.8000 -5.9350
         vertex -3.1750 -3.0200 -5.9350
         vertex -3.1750 -3.0200 -6.1850
      endloop
   endfacet
   facet normal 1.0000 0.0000 0.0000
      outer loop
         vertex -3.1750 2.8000 -5.9350
         vertex -3.1750 -3.0200 -6.1850
         vertex -3.1750 2.8000 -6.1850
      endloop
   endfacet
   facet normal 0.0000 -1.0000 0.0000
      outer loop
         vertex -3.1750 2.8000 -5.9350
         vertex -3.1750 2.8000 -6.1850
         vertex -1.3250 2.8000 -6.1850
      endloop
   endfacet
   facet normal 0.0000 -1.0000 0.0000
      outer loop
         vertex -3.1750 2.8000 -5.9350
         vertex -1.3250 2.8000 -6.1850
         vertex -1.3250 2.8000 -5.9350
      endloop
   endfacet
   facet normal -1.0000 0.0000 0.0000
      outer loop
         vertex -1.3250 2.8000 -6.1850
         vertex -1.3250 -3.0200 -6.1850
         vertex -1.3250 -3.0200 -5.9350
      endloop
   endfacet
   facet normal -1.0000 0.0000 0.0000
      outer loop
         vertex -1.3250 2.8000 -6.1850
         vertex -1.3250 -3.0200 -5.9350
         vertex -1.3250 2.8000 -5.9350
      endloop
   endfacet
   facet normal -1.0000 0.0000 0.0000
      outer loop
         vertex 3.1750 2.8000 -6.1850
         vertex 3.1750 -3.0200 -6.1850
         vertex 3.1750 -3.0200 -5.9350
      endloop
   endfacet
   facet normal -1.0000 0.0000 0.0000
      outer loop
         vertex 3.1750 2.8000 -6.1850
         vertex 3.1750 -3.0200 -5.9350
         vertex 3.1750 2.8000 -5.9350
      endloop
   endfacet
   facet normal 1.0000 0.0000 0.0000
      outer loop
         vertex 1.3250 2.8000 -5.9350
         vertex 1.3250 -3.0200 -5.9350
         vertex 1.3250 -3.0200 -6.1850
      endloop
   endfacet
   facet normal 1.0000 0.0000 0.0000
      outer loop
         vertex 1.3250 2.8000 -5.9350
         vertex 1.3250 -3.0200 -6.1850
         vertex 1.3250 2.8000 -6.1850
      endloop
   endfacet
   facet normal 0.0000 -1.0000 0.0000
      outer loop
         vertex -0.6750 2.8000 -5.9350
         vertex -0.6750 2.8000 -6.1850
         vertex 0.6750 2.8000 -6.1850
      endloop
   endfacet
   facet normal 0.0000 -1.0000 0.0000
      outer loop
         vertex -0.6750 2.8000 -5.9350
         vertex 0.6750 2.8000 -6.1850
         vertex 0.6750 2.8000 -5.9350
      endloop
   endfacet
   facet normal -1.0000 0.0000 0.0000
      outer loop
         vertex 0.6750 2.8000 -6.1850
         vertex 0.6750 -3.0200 -6.1850
         vertex 0.6750 -3.0200 -5.9350
      endloop
   endfacet
   facet normal -1.0000 0.0000 0.0000
      outer loop
         vertex 0.6750 2.8000 -6.1850
         vertex 0.6750 -3.0200 -5.9350
         vertex 0.6750 2.8000 -5.9350
      endloop
   endfacet
   facet normal 0.0000 -1.0000 0.0000
      outer loop
         vertex 1.3250 2.8000 -5.9350
         vertex 1.3250 2.8000 -6.1850
         vertex 3.1750 2.8000 -6.1850
      endloop
   endfacet
   facet normal 0.0000 -1.0000 0.0000
      outer loop
         vertex 1.3250 2.8000 -5.9350
         vertex 3.1750 2.8000 -6.1850
         vertex 3.1750 2.8000 -5.9350
      endloop
   endfacet
   facet normal 0.0000 0.0000 1.0000
      outer loop
         vertex -3.1750 4.4800 -1.8000
         vertex -3.1750 4.2200 -1.8000
         vertex -1.3250 4.2200 -1.8000
      endloop
   endfacet
   facet normal 0.0000 0.0000 1.0000
      outer loop
         vertex -3.1750 4.4800 -1.8000
         vertex -1.3250 4.2200 -1.8000
         vertex -1.3250 4.4800 -1.8000
      endloop
   endfacet
   facet normal 0.0000 0.0000 1.0000
      outer loop
         vertex -0.6750 4.4800 -1.8000
         vertex -0.6750 4.2200 -1.8000
         vertex 0.6750 4.2200 -1.8000
      endloop
   endfacet
   facet normal 0.0000 0.0000 1.0000
      outer loop
         vertex -0.6750 4.4800 -1.8000
         vertex 0.6750 4.2200 -1.8000
         vertex 0.6750 4.4800 -1.8000
      endloop
   endfacet
   facet normal 0.0000 0.0000 1.0000
      outer loop
         vertex 1.3250 4.4800 -1.8000
         vertex 1.3250 4.2200 -1.8000
         vertex 3.1750 4.2200 -1.8000
      endloop
   endfacet
   facet normal 0.0000 0.0000 1.0000
      outer loop
         vertex 1.3250 4.4800 -1.8000
         vertex 3.1750 4.2200 -1.8000
         vertex 3.1750 4.4800 -1.8000
      endloop
   endfacet
   facet normal 0.0000 0.8894 -0.4571
      outer loop
         vertex 1.3250 3.7001 4.0797
         vertex 0.6750 3.7001 4.0797
         vertex 0.6750 4.4512 5.5411
      endloop
   endfacet
   facet normal 0.0000 0.8894 -0.4571
      outer loop
         vertex 1.3250 3.7001 4.0797
         vertex 0.6750 4.4512 5.5411
         vertex 1.3250 4.4512 5.5411
      endloop
   endfacet
   facet normal 0.0000 0.8894 -0.4571
      outer loop
         vertex 3.8250 3.7001 4.0797
         vertex 3.1750 3.7001 4.0797
         vertex 3.1750 4.4512 5.5411
      endloop
   endfacet
   facet normal 0.0000 0.8894 -0.4571
      outer loop
         vertex 3.8250 3.7001 4.0797
         vertex 3.1750 4.4512 5.5411
         vertex 3.8250 4.4512 5.5411
      endloop
   endfacet
   facet normal 0.0000 0.8894 -0.4571
      outer loop
         vertex -0.6750 3.7001 4.0797
         vertex -1.3250 3.7001 4.0797
         vertex -1.3250 4.4512 5.5411
      endloop
   endfacet
   facet normal 0.0000 0.8894 -0.4571
      outer loop
         vertex -0.6750 3.7001 4.0797
         vertex -1.3250 4.4512 5.5411
         vertex -0.6750 4.4512 5.5411
      endloop
   endfacet
   facet normal 0.0000 0.8894 -0.4571
      outer loop
         vertex -3.8250 3.7001 4.0797
         vertex -3.8250 4.4512 5.5411
         vertex -3.1750 4.4512 5.5411
      endloop
   endfacet
   facet normal 0.0000 0.8894 -0.4571
      outer loop
         vertex -3.8250 3.7001 4.0797
         vertex -3.1750 4.4512 5.5411
         vertex -3.1750 3.7001 4.0797
      endloop
   endfacet
   facet normal 0.0000 0.4571 0.8894
      outer loop
         vertex 1.3250 4.4512 5.5411
         vertex 0.6750 4.4512 5.5411
         vertex 0.6750 4.2200 5.6600
      endloop
   endfacet
   facet normal 0.0000 0.4571 0.8894
      outer loop
         vertex 1.3250 4.4512 5.5411
         vertex 0.6750 4.2200 5.6600
         vertex 1.3250 4.2200 5.6600
      endloop
   endfacet
   facet normal 0.0000 0.4571 0.8894
      outer loop
         vertex 3.8250 4.4512 5.5411
         vertex 3.1750 4.4512 5.5411
         vertex 3.1750 4.2200 5.6600
      endloop
   endfacet
   facet normal 0.0000 0.4571 0.8894
      outer loop
         vertex 3.8250 4.4512 5.5411
         vertex 3.1750 4.2200 5.6600
         vertex 3.8250 4.2200 5.6600
      endloop
   endfacet
   facet normal 0.0000 0.4571 0.8894
      outer loop
         vertex -0.6750 4.4512 5.5411
         vertex -1.3250 4.4512 5.5411
         vertex -1.3250 4.2200 5.6600
      endloop
   endfacet
   facet normal 0.0000 0.4571 0.8894
      outer loop
         vertex -0.6750 4.4512 5.5411
         vertex -1.3250 4.2200 5.6600
         vertex -0.6750 4.2200 5.6600
      endloop
   endfacet
   facet normal 0.0000 0.4571 0.8894
      outer loop
         vertex -3.8250 4.4512 5.5411
         vertex -3.8250 4.2200 5.6600
         vertex -3.1750 4.2200 5.6600
      endloop
   endfacet
   facet normal 0.0000 0.4571 0.8894
      outer loop
         vertex -3.8250 4.4512 5.5411
         vertex -3.1750 4.2200 5.6600
         vertex -3.1750 4.4512 5.5411
      endloop
   endfacet
   facet normal 0.0000 -0.9464 0.3230
      outer loop
         vertex 1.3250 3.4688 4.1985
         vertex 0.6750 3.4688 4.1985
         vertex 0.6750 3.2967 3.7523
      endloop
   endfacet
   facet normal 0.0000 -0.9584 0.2853
      outer loop
         vertex 1.3250 3.4688 4.1985
         vertex 0.6750 3.2967 3.7523
         vertex 1.3250 3.2967 3.7523
      endloop
   endfacet
   facet normal 0.0000 -0.9464 0.3230
      outer loop
         vertex 3.8250 3.4688 4.1985
         vertex 3.1750 3.4688 4.1985
         vertex 3.1750 3.2967 3.7523
      endloop
   endfacet
   facet normal 0.0000 -0.9584 0.2853
      outer loop
         vertex 3.8250 3.4688 4.1985
         vertex 3.1750 3.2967 3.7523
         vertex 3.8250 3.2967 3.7523
      endloop
   endfacet
   facet normal 0.0000 -0.9464 0.3230
      outer loop
         vertex -0.6750 3.4688 4.1985
         vertex -1.3250 3.4688 4.1985
         vertex -1.3250 3.2967 3.7523
      endloop
   endfacet
   facet normal 0.0000 -0.9584 0.2853
      outer loop
         vertex -0.6750 3.4688 4.1985
         vertex -1.3250 3.2967 3.7523
         vertex -0.6750 3.2967 3.7523
      endloop
   endfacet
   facet normal 0.0000 -0.9584 0.2853
      outer loop
         vertex -3.8250 3.4688 4.1985
         vertex -3.8250 3.2967 3.7523
         vertex -3.1750 3.2967 3.7523
      endloop
   endfacet
   facet normal 0.0000 -0.9464 0.3230
      outer loop
         vertex -3.8250 3.4688 4.1985
         vertex -3.1750 3.2967 3.7523
         vertex -3.1750 3.4688 4.1985
      endloop
   endfacet
   facet normal 0.0000 -0.8894 0.4571
      outer loop
         vertex 1.3250 4.2200 5.6600
         vertex 0.6750 4.2200 5.6600
         vertex 0.6750 3.4688 4.1985
      endloop
   endfacet
   facet normal 0.0000 -0.8894 0.4571
      outer loop
         vertex 1.3250 4.2200 5.6600
         vertex 0.6750 3.4688 4.1985
         vertex 1.3250 3.4688 4.1985
      endloop
   endfacet
   facet normal 0.0000 -0.8894 0.4571
      outer loop
         vertex 3.8250 4.2200 5.6600
         vertex 3.1750 4.2200 5.6600
         vertex 3.1750 3.4688 4.1985
      endloop
   endfacet
   facet normal 0.0000 -0.8894 0.4571
      outer loop
         vertex 3.8250 4.2200 5.6600
         vertex 3.1750 3.4688 4.1985
         vertex 3.8250 3.4688 4.1985
      endloop
   endfacet
   facet normal 0.0000 -0.8894 0.4571
      outer loop
         vertex -0.6750 4.2200 5.6600
         vertex -1.3250 4.2200 5.6600
         vertex -1.3250 3.4688 4.1985
      endloop
   endfacet
   facet normal 0.0000 -0.8894 0.4571
      outer loop
         vertex -0.6750 4.2200 5.6600
         vertex -1.3250 3.4688 4.1985
         vertex -0.6750 3.4688 4.1985
      endloop
   endfacet
   facet normal 0.0000 -0.8894 0.4571
      outer loop
         vertex -3.8250 4.2200 5.6600
         vertex -3.8250 3.4688 4.1985
         vertex -3.1750 3.4688 4.1985
      endloop
   endfacet
   facet normal 0.0000 -0.8894 0.4571
      outer loop
         vertex -3.8250 4.2200 5.6600
         vertex -3.1750 3.4688 4.1985
         vertex -3.1750 4.2200 5.6600
      endloop
   endfacet
   facet normal 0.0000 0.9584 -0.2853
      outer loop
         vertex 1.3250 3.5478 3.6851
         vertex 0.6750 3.5478 3.6851
         vertex 0.6750 3.7001 4.0797
      endloop
   endfacet
   facet normal 0.0000 0.9464 -0.3230
      outer loop
         vertex 1.3250 3.5478 3.6851
         vertex 0.6750 3.7001 4.0797
         vertex 1.3250 3.7001 4.0797
      endloop
   endfacet
   facet normal 0.0000 0.9584 -0.2853
      outer loop
         vertex 3.8250 3.5478 3.6851
         vertex 3.1750 3.5478 3.6851
         vertex 3.1750 3.7001 4.0797
      endloop
   endfacet
   facet normal 0.0000 0.9464 -0.3230
      outer loop
         vertex 3.8250 3.5478 3.6851
         vertex 3.1750 3.7001 4.0797
         vertex 3.8250 3.7001 4.0797
      endloop
   endfacet
   facet normal 0.0000 0.9584 -0.2853
      outer loop
         vertex -0.6750 3.5478 3.6851
         vertex -1.3250 3.5478 3.6851
         vertex -1.3250 3.7001 4.0797
      endloop
   endfacet
   facet normal 0.0000 0.9464 -0.3230
      outer loop
         vertex -0.6750 3.5478 3.6851
         vertex -1.3250 3.7001 4.0797
         vertex -0.6750 3.7001 4.0797
      endloop
   endfacet
   facet normal 0.0000 0.9464 -0.3230
      outer loop
         vertex -3.8250 3.5478 3.6851
         vertex -3.8250 3.7001 4.0797
         vertex -3.1750 3.7001 4.0797
      endloop
   endfacet
   facet normal 0.0000 0.9584 -0.2853
      outer loop
         vertex -3.8250 3.5478 3.6851
         vertex -3.1750 3.7001 4.0797
         vertex -3.1750 3.5478 3.6851
      endloop
   endfacet
   facet normal 0.0000 0.9966 -0.0830
      outer loop
         vertex 1.3250 3.4800 3.1700
         vertex 0.6750 3.4800 3.1700
         vertex 0.6750 3.5478 3.6851
      endloop
   endfacet
   facet normal 0.0000 0.9861 -0.1659
      outer loop
         vertex 1.3250 3.4800 3.1700
         vertex 0.6750 3.5478 3.6851
         vertex 1.3250 3.5478 3.6851
      endloop
   endfacet
   facet normal 0.0000 0.9966 -0.0830
      outer loop
         vertex 3.8250 3.4800 3.1700
         vertex 3.1750 3.4800 3.1700
         vertex 3.1750 3.5478 3.6851
      endloop
   endfacet
   facet normal 0.0000 0.9861 -0.1659
      outer loop
         vertex 3.8250 3.4800 3.1700
         vertex 3.1750 3.5478 3.6851
         vertex 3.8250 3.5478 3.6851
      endloop
   endfacet
   facet normal 0.0000 0.9966 -0.0830
      outer loop
         vertex -0.6750 3.4800 3.1700
         vertex -1.3250 3.4800 3.1700
         vertex -1.3250 3.5478 3.6851
      endloop
   endfacet
   facet normal 0.0000 0.9861 -0.1659
      outer loop
         vertex -0.6750 3.4800 3.1700
         vertex -1.3250 3.5478 3.6851
         vertex -0.6750 3.5478 3.6851
      endloop
   endfacet
   facet normal 0.0000 0.9861 -0.1659
      outer loop
         vertex -3.8250 3.4800 3.1700
         vertex -3.8250 3.5478 3.6851
         vertex -3.1750 3.5478 3.6851
      endloop
   endfacet
   facet normal 0.0000 0.9966 -0.0830
      outer loop
         vertex -3.8250 3.4800 3.1700
         vertex -3.1750 3.5478 3.6851
         vertex -3.1750 3.4800 3.1700
      endloop
   endfacet
   facet normal 0.0000 0.9861 0.1659
      outer loop
         vertex 1.3250 3.5478 2.6550
         vertex 0.6750 3.5478 2.6550
         vertex 0.6750 3.4800 3.1700
      endloop
   endfacet
   facet normal 0.0000 0.9966 0.0830
      outer loop
         vertex 1.3250 3.5478 2.6550
         vertex 0.6750 3.4800 3.1700
         vertex 1.3250 3.4800 3.1700
      endloop
   endfacet
   facet normal 0.0000 0.9861 0.1659
      outer loop
         vertex 3.8250 3.5478 2.6550
         vertex 3.1750 3.5478 2.6550
         vertex 3.1750 3.4800 3.1700
      endloop
   endfacet
   facet normal 0.0000 0.9966 0.0830
      outer loop
         vertex 3.8250 3.5478 2.6550
         vertex 3.1750 3.4800 3.1700
         vertex 3.8250 3.4800 3.1700
      endloop
   endfacet
   facet normal 0.0000 0.9861 0.1659
      outer loop
         vertex -0.6750 3.5478 2.6550
         vertex -1.3250 3.5478 2.6550
         vertex -1.3250 3.4800 3.1700
      endloop
   endfacet
   facet normal 0.0000 0.9966 0.0830
      outer loop
         vertex -0.6750 3.5478 2.6550
         vertex -1.3250 3.4800 3.1700
         vertex -0.6750 3.4800 3.1700
      endloop
   endfacet
   facet normal 0.0000 0.9966 0.0830
      outer loop
         vertex -3.8250 3.5478 2.6550
         vertex -3.8250 3.4800 3.1700
         vertex -3.1750 3.4800 3.1700
      endloop
   endfacet
   facet normal 0.0000 0.9861 0.1659
      outer loop
         vertex -3.8250 3.5478 2.6550
         vertex -3.1750 3.4800 3.1700
         vertex -3.1750 3.5478 2.6550
      endloop
   endfacet
   facet normal 0.0000 0.9464 0.3230
      outer loop
         vertex 1.3250 3.7001 2.2603
         vertex 0.6750 3.7001 2.2603
         vertex 0.6750 3.5478 2.6550
      endloop
   endfacet
   facet normal 0.0000 0.9584 0.2853
      outer loop
         vertex 1.3250 3.7001 2.2603
         vertex 0.6750 3.5478 2.6550
         vertex 1.3250 3.5478 2.6550
      endloop
   endfacet
   facet normal 0.0000 0.9464 0.3230
      outer loop
         vertex 3.8250 3.7001 2.2603
         vertex 3.1750 3.7001 2.2603
         vertex 3.1750 3.5478 2.6550
      endloop
   endfacet
   facet normal 0.0000 0.9584 0.2853
      outer loop
         vertex 3.8250 3.7001 2.2603
         vertex 3.1750 3.5478 2.6550
         vertex 3.8250 3.5478 2.6550
      endloop
   endfacet
   facet normal 0.0000 0.9464 0.3230
      outer loop
         vertex -0.6750 3.7001 2.2603
         vertex -1.3250 3.7001 2.2603
         vertex -1.3250 3.5478 2.6550
      endloop
   endfacet
   facet normal 0.0000 0.9584 0.2853
      outer loop
         vertex -0.6750 3.7001 2.2603
         vertex -1.3250 3.5478 2.6550
         vertex -0.6750 3.5478 2.6550
      endloop
   endfacet
   facet normal 0.0000 0.9584 0.2853
      outer loop
         vertex -3.8250 3.7001 2.2603
         vertex -3.8250 3.5478 2.6550
         vertex -3.1750 3.5478 2.6550
      endloop
   endfacet
   facet normal 0.0000 0.9464 0.3230
      outer loop
         vertex -3.8250 3.7001 2.2603
         vertex -3.1750 3.5478 2.6550
         vertex -3.1750 3.7001 2.2603
      endloop
   endfacet
endsolid
